"","Rk","Team","Date","Att...4","Day","G#","Week","...8","Opp","Result","Cmp","Att...12","Inc","Cmp%","Yds...15","TD","Int","TD%","Int%","Rate","Sk","Yds...22","Sk%","Y/A","NY/A","AY/A","ANY/A","Y/C"
"1",1,"LAR",2022-09-08,41,"Thu",1,1,NA,"BUF","L 10-31",29,41,12,70.7,191,1,3,2.4,7.3,63.1,7,49,14.58,4.7,3.98,1.85,1.58,6.6
"2",2,"BUF",2022-09-08,31,"Thu",1,1,"@","LAR","W 31-10",26,31,5,83.9,292,3,2,9.7,6.5,112,2,5,6.06,9.4,8.85,8.45,7.94,11.2
"3",3,"MIA",2022-09-11,33,"Sun",1,1,NA,"NWE","W 20-7",23,33,10,69.7,242,1,0,3,0,104.4,3,28,8.33,7.3,6.72,7.94,7.28,10.5
"4",4,"KAN",2022-09-11,39,"Sun",1,1,"@","ARI","W 44-21",30,39,9,76.9,360,5,0,12.8,0,144.2,0,0,0,9.2,9.23,11.79,11.79,12
"5",5,"TEN",2022-09-11,33,"Sun",1,1,NA,"NYG","L 20-21",20,33,13,60.6,266,2,0,6.1,0,106.4,1,0,2.94,8.1,7.82,9.27,9,13.3
"6",6,"ATL",2022-09-11,33,"Sun",1,1,NA,"NOR","L 26-27",20,33,13,60.6,215,0,0,0,0,79.7,0,0,0,6.5,6.52,6.52,6.52,10.8
"7",7,"DAL",2022-09-11,42,"Sun",1,1,NA,"TAM","L 3-19",21,42,21,50,173,0,1,0,2.4,53.5,4,25,8.7,4.1,3.76,3.05,2.78,8.2
"8",8,"ARI",2022-09-11,38,"Sun",1,1,NA,"KAN","L 21-44",24,38,14,63.2,179,2,0,5.3,0,94.7,3,26,7.32,4.7,4.37,5.76,5.34,7.5
"9",9,"LAC",2022-09-11,34,"Sun",1,1,NA,"LVR","W 24-19",26,34,8,76.5,279,3,0,8.8,0,129.4,0,0,0,8.2,8.21,9.97,9.97,10.7
"10",10,"SFO",2022-09-11,28,"Sun",1,1,"@","CHI","L 10-19",13,28,15,46.4,155,0,1,0,3.6,50.3,2,9,6.67,5.5,5.17,3.93,3.67,11.9
"11",11,"CIN",2022-09-11,53,"Sun",1,1,NA,"PIT","L 20-23 (OT)",33,53,20,62.3,299,2,4,3.8,7.5,61.7,7,39,11.67,5.6,4.98,3,2.65,9.1
"12",12,"HOU",2022-09-11,37,"Sun",1,1,NA,"IND","T 20-20 (OT)",23,37,14,62.2,222,2,0,5.4,0,98.9,3,18,7.5,6,5.55,7.08,6.55,9.7
"13",13,"IND",2022-09-11,50,"Sun",1,1,"@","HOU","T 20-20 (OT)",32,50,18,64,340,1,1,2,2,83.1,2,12,3.85,6.8,6.54,6.3,6.06,10.6
"14",14,"PHI",2022-09-11,32,"Sun",1,1,"@","DET","W 38-35",18,32,14,56.3,239,0,0,0,0,80.6,1,4,3.03,7.5,7.24,7.47,7.24,13.3
"15",15,"NOR",2022-09-11,34,"Sun",1,1,"@","ATL","W 27-26",23,34,11,67.6,234,2,0,5.9,0,111,4,35,10.53,6.9,6.16,8.06,7.21,10.2
"16",16,"WAS",2022-09-11,41,"Sun",1,1,NA,"JAX","W 28-22",27,41,14,65.9,305,4,2,9.8,4.9,101,1,8,2.38,7.4,7.26,7.2,7.02,11.3
"17",17,"PIT",2022-09-11,38,"Sun",1,1,"@","CIN","W 23-20 (OT)",21,38,17,55.3,192,1,0,2.6,0,78.2,1,2,2.56,5.1,4.92,5.58,5.44,9.1
"18",18,"CAR",2022-09-11,27,"Sun",1,1,NA,"CLE","L 24-26",16,27,11,59.3,207,1,1,3.7,3.7,84.6,4,28,12.9,7.7,6.68,6.74,5.87,12.9
"19",19,"NYG",2022-09-11,21,"Sun",1,1,"@","TEN","W 21-20",17,21,4,81,156,2,1,9.5,4.8,115.9,5,32,19.23,7.4,6,7.19,5.81,9.2
"20",20,"NWE",2022-09-11,30,"Sun",1,1,"@","MIA","L 7-20",21,30,9,70,193,1,1,3.3,3.3,87.2,2,20,6.25,6.4,6.03,5.6,5.25,9.2
"21",21,"MIN",2022-09-11,32,"Sun",1,1,NA,"GNB","W 23-7",23,32,9,71.9,269,2,0,6.3,0,118.9,1,8,3.03,8.4,8.15,9.66,9.36,11.7
"22",22,"CLE",2022-09-11,34,"Sun",1,1,"@","CAR","W 26-24",18,34,16,52.9,138,1,0,2.9,0,74,1,9,2.86,4.1,3.94,4.65,4.51,7.7
"23",23,"GNB",2022-09-11,39,"Sun",1,1,"@","MIN","L 7-23",26,39,13,66.7,227,0,1,0,2.6,74.7,4,33,9.3,5.8,5.28,4.67,4.23,8.7
"24",24,"DET",2022-09-11,37,"Sun",1,1,NA,"PHI","L 35-38",21,37,16,56.8,205,2,1,5.4,2.7,80.3,1,10,2.63,5.5,5.39,5.41,5.26,9.8
"25",25,"NYJ",2022-09-11,59,"Sun",1,1,NA,"BAL","L 9-24",37,59,22,62.7,297,1,1,1.7,1.7,74.8,3,12,4.84,5,4.79,4.61,4.39,8
"26",26,"TAM",2022-09-11,27,"Sun",1,1,"@","DAL","W 19-3",18,27,9,66.7,195,1,1,3.7,3.7,87.3,2,17,6.9,7.2,6.72,6.3,5.86,10.8
"27",27,"BAL",2022-09-11,30,"Sun",1,1,"@","NYJ","W 24-9",17,30,13,56.7,211,3,1,10,3.3,98.3,2,2,6.25,7,6.59,7.53,7.06,12.4
"28",28,"LVR",2022-09-11,37,"Sun",1,1,"@","LAC","L 19-24",22,37,15,59.5,256,2,3,5.4,8.1,69.1,6,39,13.95,6.9,5.95,4.35,3.74,11.6
"29",29,"CHI",2022-09-11,17,"Sun",1,1,NA,"SFO","W 19-10",8,17,9,47.1,105,2,1,11.8,5.9,85.7,2,16,10.53,6.2,5.53,5.88,5.26,13.1
"30",30,"JAX",2022-09-11,42,"Sun",1,1,"@","WAS","L 22-28",24,42,18,57.1,260,1,1,2.4,2.4,75,2,15,4.55,6.2,5.91,5.6,5.34,10.8
"31",31,"DEN",2022-09-12,42,"Mon",1,1,"@","SEA","L 16-17",29,42,13,69,330,1,0,2.4,0,101.3,2,10,4.55,7.9,7.5,8.33,7.95,11.4
"32",32,"SEA",2022-09-12,28,"Mon",1,1,NA,"DEN","W 17-16",23,28,5,82.1,177,2,0,7.1,0,119.5,2,18,6.67,6.3,5.9,7.75,7.23,7.7
"33",33,"KAN",2022-09-15,35,"Thu",2,2,NA,"LAC","W 27-24",24,35,11,68.6,226,2,0,5.7,0,106.2,1,9,2.78,6.5,6.28,7.6,7.39,9.4
"34",34,"LAC",2022-09-15,48,"Thu",2,2,"@","KAN","L 24-27",33,48,15,68.8,326,3,1,6.3,2.1,100.5,2,8,4,6.8,6.52,7.1,6.82,9.9
"35",35,"MIA",2022-09-18,50,"Sun",2,2,"@","BAL","W 42-38",36,50,14,72,461,6,2,12,4,124.1,1,8,1.96,9.2,9.04,9.82,9.63,12.8
"36",36,"LVR",2022-09-18,39,"Sun",2,2,NA,"ARI","L 23-29 (OT)",25,39,14,64.1,244,2,0,5.1,0,99.5,1,8,2.5,6.3,6.1,7.28,7.1,9.8
"37",37,"CHI",2022-09-18,11,"Sun",2,2,"@","GNB","L 10-27",7,11,4,63.6,48,0,1,0,9.1,43.8,3,22,21.43,4.4,3.43,0.27,0.21,6.9
"38",38,"PIT",2022-09-18,33,"Sun",2,2,NA,"NWE","L 14-17",21,33,12,63.6,152,1,1,3,3,73.8,3,16,8.33,4.6,4.22,3.85,3.53,7.2
"39",39,"NWE",2022-09-18,35,"Sun",2,2,"@","PIT","W 17-14",21,35,14,60,252,1,1,2.9,2.9,79.7,0,0,0,7.2,7.2,6.49,6.49,12
"40",40,"DAL",2022-09-18,31,"Sun",2,2,NA,"CIN","W 20-17",19,31,12,61.3,230,1,0,3.2,0,95.5,1,5,3.13,7.4,7.19,8.06,7.81,12.1
"41",41,"ARI",2022-09-18,49,"Sun",2,2,"@","LVR","W 29-23 (OT)",31,49,18,63.3,270,1,1,2,2,76.7,1,7,2,5.5,5.4,5,4.9,8.7
"42",42,"WAS",2022-09-18,46,"Sun",2,2,"@","DET","L 27-36",30,46,16,65.2,308,3,1,6.5,2.2,99.6,5,29,9.8,6.7,6.04,7.02,6.33,10.3
"43",43,"SFO",2022-09-18,24,"Sun",2,2,NA,"SEA","W 27-7",15,24,9,62.5,184,1,0,4.2,0,100,1,0,4,7.7,7.36,8.5,8.16,12.3
"44",44,"NYJ",2022-09-18,45,"Sun",2,2,"@","CLE","W 31-30",27,45,18,60,309,4,0,8.9,0,111.7,2,15,4.26,6.9,6.57,8.64,8.28,11.4
"45",45,"SEA",2022-09-18,31,"Sun",2,2,"@","SFO","L 7-27",24,31,7,77.4,180,0,2,0,6.5,66.2,2,17,6.06,5.8,5.45,2.9,2.73,7.5
"46",46,"GNB",2022-09-18,25,"Sun",2,2,NA,"CHI","W 27-10",19,25,6,76,211,2,0,8,0,131.1,3,23,10.71,8.4,7.54,10.04,8.96,11.1
"47",47,"HOU",2022-09-18,38,"Sun",2,2,"@","DEN","L 9-16",19,38,19,50,154,0,0,0,0,63.2,3,23,7.32,4.1,3.76,4.05,3.76,8.1
"48",48,"BAL",2022-09-18,29,"Sun",2,2,NA,"MIA","L 38-42",21,29,8,72.4,318,3,0,10.3,0,142.6,0,0,0,11,10.97,13.03,13.03,15.1
"49",49,"DEN",2022-09-18,31,"Sun",2,2,NA,"HOU","W 16-9",14,31,17,45.2,201,1,1,3.2,3.2,66.5,3,18,8.82,6.5,5.91,5.68,5.18,14.4
"50",50,"ATL",2022-09-18,26,"Sun",2,2,"@","LAR","L 27-31",17,26,9,65.4,171,2,2,7.7,7.7,81.6,3,25,10.34,6.6,5.9,4.65,4.17,10.1
"51",51,"LAR",2022-09-18,36,"Sun",2,2,NA,"ATL","W 31-27",27,36,9,75,272,3,2,8.3,5.6,100.7,1,0,2.7,7.6,7.35,6.72,6.54,10.1
"52",52,"CAR",2022-09-18,29,"Sun",2,2,"@","NYG","L 16-19",14,29,15,48.3,129,1,0,3.4,0,74.6,2,16,6.45,4.4,4.16,5.14,4.81,9.2
"53",53,"JAX",2022-09-18,30,"Sun",2,2,NA,"IND","W 24-0",25,30,5,83.3,235,2,0,6.7,0,121.5,0,0,0,7.8,7.83,9.17,9.17,9.4
"54",54,"CLE",2022-09-18,27,"Sun",2,2,NA,"NYJ","L 30-31",22,27,5,81.5,221,1,1,3.7,3.7,98.9,1,8,3.57,8.2,7.89,7.26,7,10
"55",55,"DET",2022-09-18,34,"Sun",2,2,NA,"WAS","W 36-27",20,34,14,58.8,234,4,0,11.8,0,121.7,3,22,8.11,6.9,6.32,9.24,8.49,11.7
"56",56,"NYG",2022-09-18,34,"Sun",2,2,NA,"CAR","W 19-16",22,34,12,64.7,162,1,0,2.9,0,87.4,3,14,8.11,4.8,4.38,5.35,4.92,7.4
"57",57,"TAM",2022-09-18,34,"Sun",2,2,"@","NOR","W 20-10",18,34,16,52.9,188,1,0,2.9,0,79.3,1,2,2.86,5.5,5.37,6.12,5.94,10.4
"58",58,"IND",2022-09-18,30,"Sun",2,2,"@","JAX","L 0-24",16,30,14,53.3,164,0,3,0,10,34,5,31,14.29,5.5,4.69,0.97,0.83,10.3
"59",59,"CIN",2022-09-18,36,"Sun",2,2,"@","DAL","L 17-20",24,36,12,66.7,165,1,0,2.8,0,89.9,6,34,14.29,4.6,3.93,5.14,4.4,6.9
"60",60,"NOR",2022-09-18,40,"Sun",2,2,NA,"TAM","L 10-20",25,40,15,62.5,208,1,3,2.5,7.5,55.8,6,28,13.04,5.2,4.52,2.33,2.02,8.3
"61",61,"TEN",2022-09-19,24,"Mon",2,2,"@","BUF","L 7-41",12,24,12,50,107,0,2,0,8.3,30.4,2,16,7.69,4.5,4.12,0.71,0.65,8.9
"62",62,"MIN",2022-09-19,46,"Mon",2,2,"@","PHI","L 7-24",27,46,19,58.7,202,1,3,2.2,6.5,51.1,2,19,4.17,4.4,4.21,1.89,1.81,7.5
"63",63,"PHI",2022-09-19,31,"Mon",2,2,NA,"MIN","W 24-7",26,31,5,83.9,323,1,1,3.2,3.2,108.7,3,10,8.82,10.4,9.5,9.61,8.76,12.4
"64",64,"BUF",2022-09-19,40,"Mon",2,2,NA,"TEN","W 41-7",26,40,14,65,313,4,0,10,0,122.6,1,4,2.44,7.8,7.63,9.83,9.59,12
"65",65,"PIT",2022-09-22,32,"Thu",3,3,"@","CLE","L 17-29",20,32,12,62.5,204,0,0,0,0,81.1,1,3,3.03,6.4,6.18,6.38,6.18,10.2
"66",66,"CLE",2022-09-22,31,"Thu",3,3,NA,"PIT","W 29-17",21,31,10,67.7,205,2,0,6.5,0,109.6,2,15,6.06,6.6,6.21,7.9,7.42,9.8
"67",67,"MIA",2022-09-25,20,"Sun",3,3,NA,"BUF","W 21-19",13,20,7,65,171,1,0,5,0,111.7,2,15,9.09,8.6,7.77,9.55,8.68,13.2
"68",68,"CHI",2022-09-25,17,"Sun",3,3,NA,"HOU","W 23-20",8,17,9,47.1,82,0,2,0,11.8,27.7,5,24,22.73,4.8,3.73,-0.47,-0.36,10.3
"69",69,"PHI",2022-09-25,35,"Sun",3,3,"@","WAS","W 24-8",22,35,13,62.9,328,3,0,8.6,0,123.5,3,12,7.89,9.4,8.63,11.09,10.21,14.9
"70",70,"KAN",2022-09-25,36,"Sun",3,3,"@","IND","L 17-20",20,36,16,55.6,257,1,1,2.8,2.8,76.4,1,5,2.7,7.1,6.95,6.44,6.27,12.9
"71",71,"TEN",2022-09-25,27,"Sun",3,3,NA,"LVR","W 24-22",19,27,8,70.4,252,1,1,3.7,3.7,98.4,1,12,3.57,9.3,9,8.41,8.11,13.3
"72",72,"SEA",2022-09-25,44,"Sun",3,3,NA,"ATL","L 23-27",32,44,12,72.7,308,2,1,4.5,2.3,99.1,2,17,4.35,7,6.7,6.89,6.59,9.6
"73",73,"ARI",2022-09-25,58,"Sun",3,3,NA,"LAR","L 12-20",37,58,21,63.8,295,0,0,0,0,77.8,2,19,3.33,5.1,4.92,5.09,4.92,8
"74",74,"LAR",2022-09-25,25,"Sun",3,3,"@","ARI","W 20-12",18,25,7,72,239,0,0,0,0,103.6,1,10,3.85,9.6,9.19,9.56,9.19,13.3
"75",75,"SFO",2022-09-25,29,"Sun",3,3,"@","DEN","L 10-11",18,29,11,62.1,179,1,1,3.4,3.4,81.3,4,32,12.12,6.2,5.42,5.31,4.67,9.9
"76",76,"HOU",2022-09-25,32,"Sun",3,3,"@","CHI","L 20-23",20,32,12,62.5,237,1,2,3.1,6.3,70.4,1,8,3.03,7.4,7.18,5.22,5.06,11.9
"77",77,"CIN",2022-09-25,36,"Sun",3,3,"@","NYJ","W 27-12",23,36,13,63.9,261,3,0,8.3,0,114.9,2,14,5.26,7.3,6.87,8.92,8.45,11.3
"78",78,"WAS",2022-09-25,43,"Sun",3,3,NA,"PHI","L 8-24",25,43,18,58.1,153,0,0,0,0,71,9,58,17.31,3.6,2.94,3.56,2.94,6.1
"79",79,"DEN",2022-09-25,33,"Sun",3,3,NA,"SFO","W 11-10",20,33,13,60.6,160,0,0,0,0,75.8,4,24,10.81,4.8,4.32,4.85,4.32,8
"80",80,"NOR",2022-09-25,41,"Sun",3,3,"@","CAR","L 14-22",25,41,16,61,342,1,2,2.4,4.9,76.6,1,11,2.38,8.3,8.14,6.63,6.48,13.7
"81",81,"LVR",2022-09-25,45,"Sun",3,3,"@","TEN","L 22-24",27,45,18,60,300,2,1,4.4,2.2,86.1,1,7,2.17,6.7,6.52,6.56,6.41,11.1
"82",82,"CAR",2022-09-25,25,"Sun",3,3,NA,"NOR","W 22-14",12,25,13,48,148,1,0,4,0,83.7,3,22,10.71,5.9,5.29,6.72,6,12.3
"83",83,"NWE",2022-09-25,32,"Sun",3,3,NA,"BAL","L 26-37",22,32,10,68.8,302,0,3,0,9.4,62.1,3,19,8.57,9.4,8.63,5.22,4.77,13.7
"84",84,"MIN",2022-09-25,41,"Sun",3,3,NA,"DET","W 28-24",24,41,17,58.5,250,2,0,4.9,0,93.5,1,10,2.38,6.1,5.95,7.07,6.9,10.4
"85",85,"ATL",2022-09-25,20,"Sun",3,3,"@","SEA","W 27-23",13,20,7,65,207,1,1,5,5,99.8,3,22,13.04,10.4,9,9.1,7.91,15.9
"86",86,"DET",2022-09-25,41,"Sun",3,3,"@","MIN","L 24-28",25,41,16,61,277,1,1,2.4,2.4,79,0,0,0,6.8,6.76,6.15,6.15,11.1
"87",87,"NYJ",2022-09-25,52,"Sun",3,3,NA,"CIN","L 12-27",28,52,24,53.8,252,0,2,0,3.8,53.8,4,33,7.14,4.8,4.5,3.12,2.89,9
"88",88,"GNB",2022-09-25,35,"Sun",3,3,"@","TAM","W 14-12",27,35,8,77.1,248,2,1,5.7,2.9,103.9,1,7,2.78,7.1,6.89,6.94,6.75,9.2
"89",89,"TAM",2022-09-25,42,"Sun",3,3,NA,"GNB","L 12-14",31,42,11,73.8,251,1,0,2.4,0,98.4,3,20,6.67,6,5.58,6.45,6.02,8.1
"90",90,"JAX",2022-09-25,39,"Sun",3,3,"@","LAC","W 38-10",28,39,11,71.8,262,3,0,7.7,0,115.5,0,0,0,6.7,6.72,8.26,8.26,9.4
"91",91,"BUF",2022-09-25,63,"Sun",3,3,"@","MIA","L 19-21",42,63,21,66.7,382,2,0,3.2,0,94.7,4,18,5.97,6.1,5.7,6.7,6.3,9.1
"92",92,"IND",2022-09-25,37,"Sun",3,3,NA,"KAN","W 20-17",27,37,10,73,177,2,0,5.4,0,105.9,5,45,11.9,4.8,4.21,5.86,5.17,6.6
"93",93,"LAC",2022-09-25,45,"Sun",3,3,NA,"JAX","L 10-38",25,45,20,55.6,286,1,1,2.2,2.2,74,1,11,2.17,6.4,6.22,5.8,5.67,11.4
"94",94,"BAL",2022-09-25,29,"Sun",3,3,"@","NWE","W 37-26",18,29,11,62.1,206,4,1,13.8,3.4,110.3,4,12,12.12,7.1,6.24,8.31,7.3,11.4
"95",95,"DAL",2022-09-26,31,"Mon",3,3,"@","NYG","W 23-16",21,31,10,67.7,215,1,0,3.2,0,98.2,0,0,0,6.9,6.94,7.58,7.58,10.2
"96",96,"NYG",2022-09-26,37,"Mon",3,3,NA,"DAL","L 16-23",20,37,17,54.1,169,0,1,0,2.7,57.9,5,27,11.9,4.6,4.02,3.35,2.95,8.5
"97",97,"MIA",2022-09-29,37,"Thu",4,4,"@","CIN","L 15-27",22,37,15,59.5,293,1,2,2.7,5.4,72.2,1,10,2.63,7.9,7.71,6.03,5.87,13.3
"98",98,"CIN",2022-09-29,32,"Thu",4,4,NA,"MIA","W 27-15",21,32,11,65.6,304,2,0,6.3,0,118,1,6,3.03,9.5,9.21,10.75,10.42,14.5
"99",99,"NYG",2022-10-02,16,"Sun",4,4,NA,"CHI","W 20-12",9,16,7,56.3,71,0,1,0,6.3,44.3,1,11,5.88,4.4,4.18,1.63,1.53,7.9
"100",100,"TEN",2022-10-02,21,"Sun",4,4,"@","IND","W 24-17",17,21,4,81,116,2,0,9.5,0,125.6,3,21,12.5,5.5,4.83,7.43,6.5,6.8
"101",101,"NOR",2022-10-02,28,"Sun",4,4,NA,"MIN","L 25-28",20,28,8,71.4,227,1,0,3.6,0,108.6,2,9,6.67,8.1,7.57,8.82,8.23,11.4
"102",102,"DAL",2022-10-02,27,"Sun",4,4,NA,"WAS","W 25-10",15,27,12,55.6,217,2,0,7.4,0,107.5,1,6,3.57,8,7.75,9.52,9.18,14.5
"103",103,"NYJ",2022-10-02,37,"Sun",4,4,"@","PIT","W 24-20",19,37,18,51.4,250,2,2,5.4,5.4,69,1,4,2.63,6.8,6.58,5.41,5.26,13.2
"104",104,"IND",2022-10-02,37,"Sun",4,4,NA,"TEN","L 17-24",27,37,10,73,327,2,1,5.4,2.7,109.7,3,29,7.5,8.8,8.18,8.7,8.05,12.1
"105",105,"SEA",2022-10-02,30,"Sun",4,4,"@","DET","W 48-45",23,30,7,76.7,320,2,0,6.7,0,132.6,0,0,0,10.7,10.67,12,12,13.9
"106",106,"GNB",2022-10-02,35,"Sun",4,4,NA,"NWE","W 27-24 (OT)",21,35,14,60,244,2,1,5.7,2.9,89.1,1,7,2.78,7,6.78,6.83,6.64,11.6
"107",107,"ARI",2022-10-02,32,"Sun",4,4,"@","CAR","W 26-16",23,32,9,71.9,206,2,1,6.3,3.1,96.7,1,1,3.03,6.4,6.24,6.28,6.09,9
"108",108,"PHI",2022-10-02,25,"Sun",4,4,NA,"JAX","W 29-21",16,25,9,64,191,0,1,0,4,72.7,2,13,7.41,7.6,7.07,5.84,5.41,11.9
"109",109,"KAN",2022-10-02,37,"Sun",4,4,"@","TAM","W 41-31",23,37,14,62.2,228,3,1,8.1,2.7,97.7,3,21,7.5,6.2,5.7,6.57,6.08,9.9
"110",110,"LAC",2022-10-02,39,"Sun",4,4,"@","HOU","W 34-24",27,39,12,69.2,338,2,0,5.1,0,113.2,1,2,2.5,8.7,8.45,9.69,9.45,12.5
"111",111,"HOU",2022-10-02,35,"Sun",4,4,NA,"LAC","L 24-34",26,35,9,74.3,215,2,2,5.7,5.7,88.5,4,31,10.26,6.1,5.51,4.71,4.23,8.3
"112",112,"JAX",2022-10-02,23,"Sun",4,4,"@","PHI","L 21-29",11,23,12,47.8,148,2,1,8.7,4.3,84.3,4,26,14.81,6.4,5.48,6.22,5.3,13.5
"113",113,"DEN",2022-10-02,25,"Sun",4,4,"@","LVR","L 23-32",17,25,8,68,214,2,0,8,0,124.9,3,23,10.71,8.6,7.64,10.16,9.07,12.6
"114",114,"BAL",2022-10-02,29,"Sun",4,4,NA,"BUF","L 20-23",20,29,9,69,134,1,2,3.4,6.9,63,2,10,6.45,4.6,4.32,2.21,2.06,6.7
"115",115,"MIN",2022-10-02,39,"Sun",4,4,"@","NOR","W 28-25",26,39,13,66.7,263,1,1,2.6,2.6,86.1,3,23,7.14,6.7,6.26,6.1,5.67,10.1
"116",116,"CAR",2022-10-02,36,"Sun",4,4,NA,"ARI","L 16-26",22,36,14,61.1,180,1,2,2.8,5.6,61.9,2,17,5.26,5,4.74,3.06,2.89,8.2
"117",117,"WAS",2022-10-02,42,"Sun",4,4,"@","DAL","L 10-25",25,42,17,59.5,155,1,2,2.4,4.8,56.6,2,15,4.55,3.7,3.52,2.02,1.93,6.2
"118",118,"CLE",2022-10-02,35,"Sun",4,4,"@","ATL","L 20-23",21,35,14,60,226,0,1,0,2.9,68,1,8,2.78,6.5,6.28,5.17,5.03,10.8
"119",119,"DET",2022-10-02,40,"Sun",4,4,NA,"SEA","L 45-48",27,40,13,67.5,375,4,1,10,2.5,121.2,1,9,2.44,9.4,9.15,10.25,10,13.9
"120",120,"NWE",2022-10-02,21,"Sun",4,4,"@","GNB","L 24-27 (OT)",15,21,6,71.4,104,1,0,4.8,0,104.5,4,32,16,5,4.16,5.9,4.96,6.9
"121",121,"PIT",2022-10-02,26,"Sun",4,4,NA,"NYJ","L 20-24",17,26,9,65.4,178,0,4,0,15.4,49.7,3,26,10.34,6.8,6.14,-0.08,-0.07,10.5
"122",122,"TAM",2022-10-02,52,"Sun",4,4,NA,"KAN","L 31-41",39,52,13,75,373,3,0,5.8,0,114.7,1,12,1.89,7.2,7.04,8.33,8.17,9.6
"123",123,"CHI",2022-10-02,22,"Sun",4,4,"@","NYG","L 12-20",11,22,11,50,155,0,0,0,0,76.7,6,19,21.43,7,5.54,7.05,5.54,14.1
"124",124,"LVR",2022-10-02,34,"Sun",4,4,NA,"DEN","W 32-23",21,34,13,61.8,173,0,0,0,0,76.6,2,15,5.56,5.1,4.81,5.09,4.81,8.2
"125",125,"BUF",2022-10-02,36,"Sun",4,4,"@","BAL","W 23-20",19,36,17,52.8,201,1,1,2.8,2.8,68.4,1,12,2.7,5.6,5.43,4.89,4.76,10.6
"126",126,"ATL",2022-10-02,19,"Sun",4,4,NA,"CLE","W 23-20",7,19,12,36.8,131,0,1,0,5.3,41.3,1,8,5,6.9,6.55,4.53,4.3,18.7
"127",127,"SFO",2022-10-03,27,"Mon",4,4,NA,"LAR","W 24-9",16,27,11,59.3,239,1,0,3.7,0,100.7,0,0,0,8.9,8.85,9.59,9.59,14.9
"128",128,"LAR",2022-10-03,48,"Mon",4,4,"@","SFO","L 9-24",32,48,16,66.7,200,0,1,0,2.1,71,7,54,12.73,4.2,3.64,3.23,2.82,6.3
"129",129,"IND",2022-10-06,41,"Thu",5,5,"@","DEN","W 12-9 (OT)",26,41,15,63.4,200,0,2,0,4.9,60.1,6,51,12.77,4.9,4.26,2.68,2.34,7.7
"130",130,"DEN",2022-10-06,39,"Thu",5,5,NA,"IND","L 9-12 (OT)",21,39,18,53.8,250,0,2,0,5.1,54.9,4,24,9.3,6.4,5.81,4.1,3.72,11.9
"131",131,"MIA",2022-10-09,34,"Sun",5,5,"@","NYJ","L 17-40",19,34,15,55.9,158,0,1,0,2.9,56.7,2,8,5.56,4.6,4.39,3.32,3.14,8.3
"132",132,"JAX",2022-10-09,47,"Sun",5,5,NA,"HOU","L 6-13",25,47,22,53.2,286,0,2,0,4.3,54,0,0,0,6.1,6.09,4.17,4.17,11.4
"133",133,"NYJ",2022-10-09,21,"Sun",5,5,NA,"MIA","W 40-17",14,21,7,66.7,187,0,0,0,0,99.3,2,23,8.7,8.9,8.13,8.9,8.13,13.4
"134",134,"ATL",2022-10-09,25,"Sun",5,5,"@","TAM","L 15-21",14,25,11,56,110,1,0,4,0,86.6,5,37,16.67,4.4,3.67,5.2,4.33,7.9
"135",135,"CHI",2022-10-09,21,"Sun",5,5,"@","MIN","L 22-29",15,21,6,71.4,193,1,0,4.8,0,118.7,2,15,8.7,9.2,8.39,10.14,9.26,12.9
"136",136,"TEN",2022-10-09,25,"Sun",5,5,"@","WAS","W 21-17",15,25,10,60,136,1,0,4,0,95.6,5,45,16.67,5.4,4.53,6.24,5.2,9.1
"137",137,"BAL",2022-10-09,32,"Sun",5,5,NA,"CIN","W 19-17",19,32,13,59.4,170,1,1,3.1,3.1,71.6,1,4,3.03,5.3,5.15,4.53,4.39,8.9
"138",138,"NWE",2022-10-09,21,"Sun",5,5,NA,"DET","W 29-0",17,21,4,81,188,1,1,4.8,4.8,100,0,0,0,9,8.95,7.76,7.76,11.1
"139",139,"CIN",2022-10-09,35,"Sun",5,5,"@","BAL","L 17-19",24,35,11,68.6,190,1,1,2.9,2.9,82.7,3,27,7.89,5.4,5,4.71,4.34,7.9
"140",140,"DAL",2022-10-09,16,"Sun",5,5,"@","LAR","W 22-10",10,16,6,62.5,76,0,0,0,0,80.7,3,26,15.79,4.8,4,4.75,4,7.6
"141",141,"PIT",2022-10-09,52,"Sun",5,5,"@","BUF","L 3-38",34,52,18,65.4,310,0,1,0,1.9,74.8,3,17,5.45,6,5.64,5.1,4.82,9.1
"142",142,"LAR",2022-10-09,44,"Sun",5,5,NA,"DAL","L 10-22",29,44,15,65.9,285,1,1,2.3,2.3,85.4,5,35,10.2,6.5,5.82,5.91,5.31,9.8
"143",143,"ARI",2022-10-09,42,"Sun",5,5,NA,"PHI","L 17-20",28,42,14,66.7,239,1,1,2.4,2.4,80.5,1,11,2.33,5.7,5.56,5.1,4.98,8.5
"144",144,"NOR",2022-10-09,25,"Sun",5,5,NA,"SEA","W 39-32",17,25,8,68,203,2,1,8,4,103.6,1,6,3.85,8.1,7.81,7.92,7.62,11.9
"145",145,"MIN",2022-10-09,42,"Sun",5,5,NA,"CHI","W 29-22",33,42,9,78.6,312,1,1,2.4,2.4,96.3,1,7,2.33,7.4,7.26,6.83,6.67,9.5
"146",146,"SFO",2022-10-09,30,"Sun",5,5,"@","CAR","W 37-15",18,30,12,60,244,2,0,6.7,0,109.4,2,9,6.25,8.1,7.63,9.47,8.88,13.6
"147",147,"HOU",2022-10-09,24,"Sun",5,5,"@","JAX","W 13-6",16,24,8,66.7,132,0,0,0,0,81.9,1,8,4,5.5,5.28,5.5,5.28,8.3
"148",148,"SEA",2022-10-09,25,"Sun",5,5,"@","NOR","L 32-39",16,25,9,64,245,3,0,12,0,139.7,3,23,10.71,9.8,8.75,12.2,10.89,15.3
"149",149,"GNB",2022-10-09,39,"Sun",5,5,NA,"NYG","L 22-27",25,39,14,64.1,207,2,0,5.1,0,96.3,2,15,4.88,5.3,5.05,6.33,6.02,8.3
"150",150,"CAR",2022-10-09,42,"Sun",5,5,NA,"SFO","L 15-37",25,42,17,59.5,244,0,1,0,2.4,69,6,31,12.5,5.8,5.08,4.74,4.15,9.8
"151",151,"PHI",2022-10-09,36,"Sun",5,5,"@","ARI","W 20-17",26,36,10,72.2,218,0,0,0,0,89.9,2,21,5.26,6.1,5.74,6.06,5.74,8.4
"152",152,"CLE",2022-10-09,34,"Sun",5,5,NA,"LAC","L 28-30",21,34,13,61.8,230,1,1,2.9,2.9,79.3,0,0,0,6.8,6.76,6.03,6.03,11
"153",153,"DET",2022-10-09,35,"Sun",5,5,"@","NWE","L 0-29",19,35,16,54.3,211,0,1,0,2.9,62.7,2,18,5.41,6,5.7,4.74,4.49,11.1
"154",154,"NYG",2022-10-09,27,"Sun",5,5,"@","GNB","W 27-22",21,27,6,77.8,213,0,0,0,0,100.2,1,4,3.57,7.9,7.61,7.89,7.61,10.1
"155",155,"LAC",2022-10-09,34,"Sun",5,5,"@","CLE","W 30-28",22,34,12,64.7,227,1,0,2.9,0,93.7,1,1,2.86,6.7,6.49,7.26,7.06,10.3
"156",156,"TAM",2022-10-09,52,"Sun",5,5,NA,"ATL","W 21-15",35,52,17,67.3,351,1,0,1.9,0,92.7,0,0,0,6.8,6.75,7.13,7.13,10
"157",157,"WAS",2022-10-09,38,"Sun",5,5,NA,"TEN","L 17-21",25,38,13,65.8,342,2,1,5.3,2.6,102.9,3,17,7.32,9,8.34,8.87,8.22,13.7
"158",158,"BUF",2022-10-09,36,"Sun",5,5,NA,"PIT","W 38-3",22,36,14,61.1,432,4,1,11.1,2.8,128.5,0,0,0,12,12,12.97,12.97,19.6
"159",159,"LVR",2022-10-10,30,"Mon",5,5,"@","KAN","L 29-30",19,30,11,63.3,223,2,0,6.7,0,110.6,2,18,6.25,7.4,6.97,8.77,8.22,11.7
"160",160,"KAN",2022-10-10,43,"Mon",5,5,NA,"LVR","W 30-29",29,43,14,67.4,265,4,0,9.3,0,117.6,3,27,6.52,6.2,5.76,8.02,7.5,9.1
"161",161,"CHI",2022-10-13,27,"Thu",6,6,NA,"WAS","L 7-12",14,27,13,51.9,154,1,1,3.7,3.7,71.5,5,36,15.63,5.7,4.81,4.78,4.03,11
"162",162,"WAS",2022-10-13,22,"Thu",6,6,"@","CHI","W 12-7",12,22,10,54.5,86,0,0,0,0,66.3,3,13,12,3.9,3.44,3.91,3.44,7.2
"163",163,"MIA",2022-10-16,47,"Sun",6,6,NA,"MIN","L 16-24",30,47,17,63.8,385,2,2,4.3,4.3,88.8,6,33,11.32,8.2,7.26,7.13,6.32,12.8
"164",164,"BAL",2022-10-16,32,"Sun",6,6,"@","NYG","L 20-24",17,32,15,53.1,195,1,1,3.1,3.1,71.1,2,15,5.88,6.1,5.74,5.31,5,11.5
"165",165,"IND",2022-10-16,58,"Sun",6,6,NA,"JAX","W 34-27",42,58,16,72.4,389,3,0,5.2,0,107.6,0,0,0,6.7,6.71,7.74,7.74,9.3
"166",166,"DAL",2022-10-16,38,"Sun",6,6,"@","PHI","L 17-26",18,38,20,47.4,181,1,3,2.6,7.9,37.3,0,0,0,4.8,4.76,1.74,1.74,10.1
"167",167,"CIN",2022-10-16,37,"Sun",6,6,"@","NOR","W 30-26",28,37,9,75.7,273,3,0,8.1,0,126,3,27,7.5,7.4,6.83,9,8.33,9.8
"168",168,"ARI",2022-10-16,37,"Sun",6,6,"@","SEA","L 9-19",23,37,14,62.2,171,0,1,0,2.7,67.6,6,51,13.95,4.6,3.98,3.41,2.93,7.4
"169",169,"SFO",2022-10-16,41,"Sun",6,6,"@","ATL","L 14-28",29,41,12,70.7,296,2,2,4.9,4.9,87,0,0,0,7.2,7.22,6,6,10.2
"170",170,"MIN",2022-10-16,30,"Sun",6,6,"@","MIA","W 24-16",20,30,10,66.7,156,2,0,6.7,0,104.2,3,19,9.09,5.2,4.73,6.53,5.94,7.8
"171",171,"ATL",2022-10-16,14,"Sun",6,6,NA,"SFO","W 28-14",13,14,1,92.9,121,2,0,14.3,0,144.6,2,8,12.5,8.6,7.56,11.5,10.06,9.3
"172",172,"SEA",2022-10-16,31,"Sun",6,6,NA,"ARI","W 19-9",20,31,11,64.5,160,0,0,0,0,82.3,5,37,13.89,5.2,4.44,5.16,4.44,8
"173",173,"CAR",2022-10-16,21,"Sun",6,6,"@","LAR","L 10-24",13,21,8,61.9,110,0,1,0,4.8,57.4,2,9,8.7,5.2,4.78,3.1,2.83,8.5
"174",174,"NOR",2022-10-16,36,"Sun",6,6,NA,"CIN","L 26-30",19,36,17,52.8,171,1,0,2.8,0,75.9,1,7,2.7,4.8,4.62,5.31,5.16,9
"175",175,"NYG",2022-10-16,27,"Sun",6,6,NA,"BAL","W 24-20",19,27,8,70.4,155,2,0,7.4,0,112.1,4,18,12.9,5.7,5,7.22,6.29,8.2
"176",176,"PHI",2022-10-16,25,"Sun",6,6,NA,"DAL","W 26-17",15,25,10,60,132,2,0,8,0,104.6,4,23,13.79,5.3,4.55,6.88,5.93,8.8
"177",177,"LAR",2022-10-16,33,"Sun",6,6,NA,"CAR","W 24-10",26,33,7,78.8,249,1,1,3,3,96.1,1,4,2.94,7.5,7.32,6.79,6.59,9.6
"178",178,"CLE",2022-10-16,45,"Sun",6,6,NA,"NWE","L 15-38",21,45,24,46.7,258,1,2,2.2,4.4,54.5,4,8,8.16,5.7,5.27,4.18,3.84,12.3
"179",179,"JAX",2022-10-16,22,"Sun",6,6,"@","IND","L 27-34",20,22,2,90.9,136,1,0,4.5,0,113.1,4,29,15.38,6.2,5.23,7.09,6,6.8
"180",180,"NYJ",2022-10-16,18,"Sun",6,6,"@","GNB","W 27-10",10,18,8,55.6,99,0,0,0,0,73.8,2,11,10,5.5,4.95,5.5,4.95,9.9
"181",181,"GNB",2022-10-16,45,"Sun",6,6,NA,"NYJ","L 10-27",28,45,17,62.2,218,1,0,2.2,0,84.9,4,36,8.16,4.8,4.45,5.29,4.86,7.8
"182",182,"NWE",2022-10-16,34,"Sun",6,6,"@","CLE","W 38-15",24,34,10,70.6,301,2,0,5.9,0,118.4,2,8,5.56,8.9,8.36,10.03,9.47,12.5
"183",183,"TAM",2022-10-16,40,"Sun",6,6,"@","PIT","L 18-20",25,40,15,62.5,229,1,0,2.5,0,87.8,2,14,4.76,5.7,5.45,6.23,5.93,9.2
"184",184,"KAN",2022-10-16,40,"Sun",6,6,NA,"BUF","L 20-24",25,40,15,62.5,319,2,2,5,5,85.2,3,19,6.98,8,7.42,6.73,6.26,12.8
"185",185,"BUF",2022-10-16,40,"Sun",6,6,"@","KAN","W 24-20",27,40,13,67.5,318,3,0,7.5,0,117.6,1,11,2.44,8,7.76,9.45,9.22,11.8
"186",186,"PIT",2022-10-16,30,"Sun",6,6,NA,"TAM","W 20-18",20,30,10,66.7,193,2,0,6.7,0,109.2,2,18,6.25,6.4,6.03,7.77,7.28,9.7
"187",187,"LAC",2022-10-17,57,"Mon",6,6,NA,"DEN","W 19-16 (OT)",37,57,20,64.9,224,0,1,0,1.8,66.3,2,14,3.39,3.9,3.8,3.14,3.03,6.1
"188",188,"DEN",2022-10-17,28,"Mon",6,6,"@","LAC","L 16-19 (OT)",15,28,13,53.6,160,1,0,3.6,0,86.6,4,28,12.5,5.7,5,6.43,5.63,10.7
"189",189,"ARI",2022-10-20,29,"Thu",7,7,NA,"NOR","W 42-34",20,29,9,69,189,1,0,3.4,0,100.4,2,15,6.45,6.5,6.1,7.21,6.74,9.5
"190",190,"NOR",2022-10-20,49,"Thu",7,7,"@","ARI","L 34-42",32,49,17,65.3,409,4,3,8.2,6.1,93,0,0,0,8.3,8.35,7.22,7.22,12.8
"191",191,"TEN",2022-10-23,20,"Sun",6,7,NA,"IND","W 19-10",13,20,7,65,116,0,0,0,0,83.7,2,16,9.09,5.8,5.27,5.8,5.27,8.9
"192",192,"SEA",2022-10-23,27,"Sun",7,7,"@","LAC","W 37-23",20,27,7,74.1,191,2,1,7.4,3.7,105.5,2,19,6.9,7.1,6.59,6.89,6.41,9.6
"193",193,"DAL",2022-10-23,25,"Sun",7,7,NA,"DET","W 24-6",19,25,6,76,191,1,0,4,0,113.2,2,16,7.41,7.6,7.07,8.44,7.81,10.1
"194",194,"CIN",2022-10-23,42,"Sun",7,7,NA,"ATL","W 35-17",34,42,8,81,459,3,0,7.1,0,138.2,3,22,6.67,10.9,10.2,12.36,11.53,13.5
"195",195,"IND",2022-10-23,44,"Sun",7,7,"@","TEN","L 10-19",33,44,11,75,227,1,2,2.3,4.5,76.2,3,16,6.38,5.2,4.83,3.57,3.34,6.9
"196",196,"HOU",2022-10-23,41,"Sun",6,7,"@","LVR","L 20-38",28,41,13,68.3,296,2,1,4.9,2.4,95.8,1,6,2.38,7.2,7.05,7.1,6.93,10.6
"197",197,"WAS",2022-10-23,33,"Sun",7,7,NA,"GNB","W 23-21",20,33,13,60.6,198,2,1,6.1,3,85.5,1,3,2.94,6,5.82,5.85,5.68,9.9
"198",198,"DEN",2022-10-23,46,"Sun",7,7,NA,"NYJ","L 9-16",24,46,22,52.2,219,0,1,0,2.2,56.9,1,6,2.13,4.8,4.66,3.78,3.7,9.1
"199",199,"CAR",2022-10-23,22,"Sun",7,7,NA,"TAM","W 21-3",16,22,6,72.7,170,2,0,9.1,0,126.5,1,7,4.35,7.7,7.39,9.55,9.13,10.6
"200",200,"TAM",2022-10-23,49,"Sun",7,7,"@","CAR","L 3-21",32,49,17,65.3,276,0,0,0,0,81.2,1,14,2,5.6,5.52,5.63,5.52,8.6
"201",201,"JAX",2022-10-23,44,"Sun",7,7,NA,"NYG","L 17-23",22,44,22,50,310,0,0,0,0,73.1,0,0,0,7,7.05,7.05,7.05,14.1
"202",202,"KAN",2022-10-23,36,"Sun",7,7,"@","SFO","W 44-23",25,36,11,69.4,417,3,1,8.3,2.8,125.1,1,6,2.7,11.6,11.27,12,11.68,16.7
"203",203,"MIA",2022-10-23,35,"Sun",7,7,NA,"PIT","W 16-10",21,35,14,60,261,1,0,2.9,0,92.7,0,0,0,7.5,7.46,8.03,8.03,12.4
"204",204,"NYG",2022-10-23,30,"Sun",7,7,"@","JAX","W 23-17",19,30,11,63.3,200,1,0,3.3,0,94,1,2,3.23,6.7,6.45,7.33,7.1,10.5
"205",205,"NYJ",2022-10-23,26,"Sun",7,7,"@","DEN","W 16-9",16,26,10,61.5,105,0,0,0,0,72.8,3,16,10.34,4,3.62,4.04,3.62,6.6
"206",206,"TEN",2022-10-23,20,"Sun",6,7,NA,"IND","W 19-10",13,20,7,65,116,0,0,0,0,83.7,2,16,9.09,5.8,5.27,5.8,5.27,8.9
"207",207,"PIT",2022-10-23,44,"Sun",7,7,"@","MIA","L 10-16",32,44,12,72.7,246,1,3,2.3,6.8,66.2,2,11,4.35,5.6,5.35,2.98,2.85,7.7
"208",208,"LVR",2022-10-23,27,"Sun",6,7,NA,"HOU","W 38-20",21,27,6,77.8,236,1,0,3.7,0,116.2,1,5,3.57,8.7,8.43,9.48,9.14,11.2
"209",209,"BAL",2022-10-23,16,"Sun",7,7,NA,"CLE","W 23-20",9,16,7,56.3,94,0,0,0,0,80.2,3,26,15.79,5.9,4.95,5.88,4.95,10.4
"210",210,"LAC",2022-10-23,51,"Sun",7,7,NA,"SEA","L 23-37",33,51,18,64.7,276,2,1,3.9,2,84.8,3,17,5.56,5.4,5.11,5.31,5.02,8.4
"211",211,"SEA",2022-10-23,27,"Sun",7,7,"@","LAC","W 37-23",20,27,7,74.1,191,2,1,7.4,3.7,105.5,2,19,6.9,7.1,6.59,6.89,6.41,9.6
"212",212,"SFO",2022-10-23,46,"Sun",7,7,NA,"KAN","L 23-44",29,46,17,63,343,2,2,4.3,4.3,84.4,5,26,9.8,7.5,6.73,6.37,5.75,11.8
"213",213,"TAM",2022-10-23,49,"Sun",7,7,"@","CAR","L 3-21",32,49,17,65.3,276,0,0,0,0,81.2,1,14,2,5.6,5.52,5.63,5.52,8.6
"214",214,"WAS",2022-10-23,33,"Sun",7,7,NA,"GNB","W 23-21",20,33,13,60.6,198,2,1,6.1,3,85.5,1,3,2.94,6,5.82,5.85,5.68,9.9
"215",215,"CHI",2022-10-24,21,"Mon",7,7,"@","NWE","W 33-14",13,21,8,61.9,147,1,1,4.8,4.8,85.2,4,32,16,7,5.88,5.81,4.88,11.3
"216",216,"NWE",2022-10-24,28,"Mon",7,7,NA,"CHI","L 14-33",17,28,11,60.7,190,1,3,3.6,10.7,54.5,1,8,3.45,6.8,6.55,2.68,2.59,11.2
"217",217,"BAL",2022-10-27,38,"Thu",8,8,"@","TAM","W 27-22",27,38,11,71.1,222,2,0,5.3,0,104.9,3,16,7.32,5.8,5.41,6.89,6.39,8.2
"218",218,"TAM",2022-10-27,44,"Thu",8,8,NA,"BAL","L 22-27",26,44,18,59.1,305,1,0,2.3,0,89.7,3,20,6.38,6.9,6.49,7.39,6.91,11.7
"219",219,"ATL",2022-10-30,28,"Sun",8,8,NA,"CAR","W 37-34 (OT)",20,28,8,71.4,239,3,2,10.7,7.1,105.2,2,14,6.67,8.5,7.97,7.46,6.97,12
"220",220,"BUF",2022-10-30,25,"Sun",7,8,NA,"GNB","W 27-17",13,25,12,52,216,2,2,8,8,75.1,2,2,7.41,8.6,8,6.64,6.15,16.6
"221",221,"CAR",2022-10-30,36,"Sun",8,8,"@","ATL","L 34-37 (OT)",19,36,17,52.8,309,1,1,2.8,2.8,80.4,1,8,2.7,8.6,8.35,7.89,7.68,16.3
"222",222,"CHI",2022-10-30,24,"Sun",8,8,"@","DAL","L 29-49",18,24,6,75,131,2,0,8.3,0,119.4,4,25,14.29,5.5,4.68,7.13,6.11,7.3
"223",223,"IND",2022-10-30,23,"Sun",8,8,NA,"WAS","L 16-17",17,23,6,73.9,189,0,0,0,0,100.1,2,12,8,8.2,7.56,8.22,7.56,11.1
"224",224,"ARI",2022-10-30,44,"Sun",8,8,"@","MIN","L 26-34",31,44,13,70.5,297,3,2,6.8,4.5,95.5,4,29,8.33,6.8,6.19,6.07,5.56,9.6
"225",225,"DAL",2022-10-30,27,"Sun",8,8,NA,"CHI","W 49-29",21,27,6,77.8,242,2,1,7.4,3.7,114.5,1,8,3.57,9,8.64,8.78,8.46,11.5
"226",226,"DEN",2022-10-30,30,"Sun",8,8,"@","JAX","W 21-17",18,30,12,60,230,1,1,3.3,3.3,84.3,3,22,9.09,7.7,6.97,6.83,6.21,12.8
"227",227,"DET",2022-10-30,37,"Sun",7,8,NA,"MIA","L 27-31",27,37,10,73,311,1,0,2.7,0,108.1,1,10,2.63,8.4,8.18,8.95,8.71,11.5
"228",228,"GNB",2022-10-30,30,"Sun",8,8,"@","BUF","L 17-27",19,30,11,63.3,190,2,1,6.7,3.3,91.4,2,13,6.25,6.3,5.94,6.17,5.78,10
"229",229,"HOU",2022-10-30,30,"Sun",7,8,NA,"TEN","L 10-17",17,30,13,56.7,118,1,1,3.3,3.3,67.6,3,34,9.09,3.9,3.58,3.1,2.82,6.9
"230",230,"JAX",2022-10-30,31,"Sun",8,8,NA,"DEN","L 17-21",18,31,13,58.1,114,1,2,3.2,6.5,52.2,2,19,6.06,3.7,3.45,1.42,1.33,6.3
"231",231,"MIA",2022-10-30,36,"Sun",8,8,"@","DET","W 31-27",29,36,7,80.6,369,3,0,8.3,0,138.7,2,13,5.26,10.3,9.71,11.92,11.29,12.7
"232",232,"MIN",2022-10-30,36,"Sun",7,8,NA,"ARI","W 34-26",24,36,12,66.7,208,2,0,5.6,0,103,3,24,7.69,5.8,5.33,6.89,6.36,8.7
"233",233,"NOR",2022-10-30,31,"Sun",8,8,NA,"LVR","W 24-0",23,31,8,74.2,231,2,0,6.5,0,116.5,0,0,0,7.5,7.45,8.74,8.74,10
"234",234,"NWE",2022-10-30,35,"Sun",8,8,"@","NYJ","W 22-17",24,35,11,68.6,161,1,1,2.9,2.9,79.9,6,33,14.63,4.6,3.93,3.89,3.32,6.7
"235",235,"NYG",2022-10-30,31,"Sun",8,8,"@","SEA","L 13-27",17,31,14,54.8,147,0,0,0,0,71.4,5,29,13.89,4.7,4.08,4.74,4.08,8.6
"236",236,"NYJ",2022-10-30,41,"Sun",8,8,NA,"NWE","L 17-22",20,41,21,48.8,336,2,3,4.9,7.3,64.6,2,19,4.65,8.2,7.81,5.88,5.6,16.8
"237",237,"TEN",2022-10-30,10,"Sun",7,8,"@","HOU","W 17-10",6,10,4,60,40,0,1,0,10,35.4,3,15,23.08,4,3.08,-0.5,-0.38,6.7
"238",238,"PHI",2022-10-30,30,"Sun",7,8,NA,"PIT","W 35-13",20,30,10,66.7,290,4,0,13.3,0,140,3,18,9.09,9.7,8.79,12.33,11.21,14.5
"239",239,"PIT",2022-10-30,40,"Sun",8,8,"@","PHI","L 13-35",27,40,13,67.5,158,1,1,2.5,2.5,76.7,6,38,13.04,4,3.43,3.33,2.89,5.9
"240",240,"LVR",2022-10-30,39,"Sun",7,8,"@","NOR","L 0-24",23,39,16,59,145,0,1,0,2.6,59,4,28,9.3,3.7,3.37,2.56,2.33,6.3
"241",241,"LAR",2022-10-30,33,"Sun",7,8,NA,"SFO","L 14-31",22,33,11,66.7,167,1,0,3,0,91.4,2,20,5.71,5.1,4.77,5.67,5.34,7.6
"242",242,"SEA",2022-10-30,34,"Sun",8,8,NA,"NYG","W 27-13",23,34,11,67.6,190,2,0,5.9,0,104,3,22,8.11,5.6,5.14,6.76,6.22,8.3
"243",243,"SFO",2022-10-30,26,"Sun",8,8,"@","LAR","W 31-14",22,26,4,84.6,257,3,0,11.5,0,148.2,3,12,10.34,9.9,8.86,12.19,10.93,11.7
"244",244,"WAS",2022-10-30,31,"Sun",8,8,"@","IND","W 17-16",23,31,8,74.2,266,1,1,3.2,3.2,98.7,2,13,6.06,8.6,8.06,7.77,7.3,11.6
"245",245,"CIN",2022-10-31,35,"Mon",8,8,"@","CLE","L 13-32",25,35,10,71.4,193,2,1,5.7,2.9,96.4,5,39,12.5,5.5,4.83,5.37,4.7,7.7
"246",246,"CLE",2022-10-31,23,"Mon",8,8,NA,"CIN","W 32-13",17,23,6,73.9,268,1,1,4.3,4.3,110.4,2,10,8,11.7,10.72,10.57,9.72,15.8
"247",247,"HOU",2022-11-03,22,"Thu",8,9,NA,"PHI","L 17-29",13,22,9,59.1,135,2,2,9.1,9.1,72.9,3,19,12,6.1,5.4,3.86,3.4,10.4
"248",248,"PHI",2022-11-03,27,"Thu",8,9,"@","HOU","W 29-17",21,27,6,77.8,217,2,0,7.4,0,128.9,4,26,12.9,8,7,9.52,8.29,10.3
"249",249,"ATL",2022-11-06,23,"Sun",9,9,NA,"LAC","L 17-20",12,23,11,52.2,114,0,0,0,0,68.9,2,15,8,5,4.56,4.96,4.56,9.5
"250",250,"BUF",2022-11-06,34,"Sun",8,9,"@","NYJ","L 17-20",18,34,16,52.9,183,0,2,0,5.9,46.8,5,22,12.82,5.4,4.69,2.74,2.38,10.2
"251",251,"CAR",2022-11-06,30,"Sun",9,9,"@","CIN","L 21-42",17,30,13,56.7,164,2,2,6.7,6.7,66.5,0,0,0,5.5,5.47,3.8,3.8,9.6
"252",252,"CHI",2022-11-06,28,"Sun",9,9,NA,"MIA","L 32-35",17,28,11,60.7,116,3,0,10.7,0,106.7,2,7,6.67,4.1,3.87,6.29,5.87,6.8
"253",253,"CIN",2022-11-06,31,"Sun",9,9,NA,"CAR","W 42-21",25,31,6,80.6,223,1,0,3.2,0,108.1,2,5,6.06,7.2,6.76,7.84,7.36,8.9
"254",254,"IND",2022-11-06,29,"Sun",9,9,"@","NWE","L 3-26",15,29,14,51.7,43,0,1,0,3.4,45.6,9,60,23.68,1.5,1.13,-0.07,-0.05,2.9
"255",255,"ARI",2022-11-06,35,"Sun",9,9,NA,"SEA","L 21-31",25,35,10,71.4,140,2,0,5.7,0,101.5,5,35,12.5,4,3.5,5.14,4.5,5.6
"256",256,"DET",2022-11-06,26,"Sun",8,9,NA,"GNB","W 15-9",14,26,12,53.8,137,2,1,7.7,3.8,78.5,0,0,0,5.3,5.27,5.08,5.08,9.8
"257",257,"GNB",2022-11-06,43,"Sun",9,9,"@","DET","L 9-15",23,43,20,53.5,283,1,3,2.3,7,53.5,1,8,2.27,6.6,6.43,3.91,3.82,12.3
"258",258,"JAX",2022-11-06,31,"Sun",9,9,NA,"LVR","W 27-20",25,31,6,80.6,235,1,0,3.2,0,109,0,0,0,7.6,7.58,8.23,8.23,9.4
"259",259,"KAN",2022-11-06,68,"Sun",8,9,NA,"TEN","W 20-17 (OT)",43,68,25,63.2,422,1,1,1.5,1.5,80.9,4,24,5.56,6.2,5.86,5.84,5.51,9.8
"260",260,"MIA",2022-11-06,30,"Sun",9,9,"@","CHI","W 35-32",21,30,9,70,302,3,0,10,0,135.7,0,0,0,10.1,10.07,12.07,12.07,14.4
"261",261,"MIN",2022-11-06,41,"Sun",8,9,"@","WAS","W 20-17",23,41,18,56.1,245,2,1,4.9,2.4,81.6,2,17,4.65,6,5.7,5.85,5.58,10.7
"262",262,"NWE",2022-11-06,30,"Sun",9,9,NA,"IND","W 26-3",20,30,10,66.7,133,1,0,3.3,0,89.2,4,14,11.76,4.4,3.91,5.1,4.5,6.7
"263",263,"NYJ",2022-11-06,25,"Sun",9,9,NA,"BUF","W 20-17",18,25,7,72,136,1,0,4,0,101.1,2,18,7.41,5.4,5.04,6.24,5.78,7.6
"264",264,"TEN",2022-11-06,16,"Sun",8,9,"@","KAN","L 17-20 (OT)",5,16,11,31.3,57,0,0,0,0,49,3,23,15.79,3.6,3,3.56,3,11.4
"265",265,"LVR",2022-11-06,36,"Sun",8,9,"@","JAX","L 20-27",21,36,15,58.3,248,2,0,5.6,0,99.2,2,11,5.26,6.9,6.53,8,7.58,11.8
"266",266,"LAR",2022-11-06,27,"Sun",8,9,"@","TAM","L 13-16",13,27,14,48.1,138,1,0,3.7,0,80,4,27,12.9,5.1,4.45,5.85,5.1,10.6
"267",267,"LAC",2022-11-06,43,"Sun",8,9,"@","ATL","W 20-17",30,43,13,69.8,245,1,1,2.3,2.3,82,0,0,0,5.7,5.7,5.12,5.12,8.2
"268",268,"SEA",2022-11-06,34,"Sun",9,9,"@","ARI","W 31-21",26,34,8,76.5,263,2,1,5.9,2.9,106.9,2,12,5.56,7.7,7.31,7.59,7.17,10.1
"269",269,"TAM",2022-11-06,58,"Sun",9,9,NA,"LAR","W 16-13",36,58,22,62.1,272,1,0,1.7,0,79.7,1,8,1.69,4.7,4.61,5.03,4.95,7.6
"270",270,"WAS",2022-11-06,28,"Sun",9,9,NA,"MIN","L 17-20",15,28,13,53.6,126,2,1,7.1,3.6,77.8,3,23,9.68,4.5,4.06,4.32,3.9,8.4
"271",271,"NOR",2022-11-07,30,"Mon",9,9,NA,"BAL","L 13-27",20,30,10,66.7,195,1,1,3.3,3.3,85.8,4,28,11.76,6.5,5.74,5.67,5,9.8
"272",272,"BAL",2022-11-07,22,"Mon",9,9,"@","NOR","W 27-13",12,22,10,54.5,131,1,0,4.5,0,87.9,3,2,12,6,5.24,6.86,6.04,10.9
"273",273,"ATL",2022-11-10,30,"Thu",10,10,"@","CAR","L 15-25",19,30,11,63.3,153,2,1,6.7,3.3,89,5,33,14.29,5.1,4.37,4.93,4.23,8.1
"274",274,"CAR",2022-11-10,16,"Thu",10,10,NA,"ATL","W 25-15",10,16,6,62.5,101,0,0,0,0,82.3,1,7,5.88,6.3,5.94,6.31,5.94,10.1
"275",275,"BUF",2022-11-13,43,"Sun",9,10,NA,"MIN","L 30-33 (OT)",29,43,14,67.4,311,1,2,2.3,4.7,78.6,2,19,4.44,7.2,6.91,5.6,5.36,10.7
"276",276,"CHI",2022-11-13,20,"Sun",10,10,NA,"DET","L 30-31",12,20,8,60,150,2,1,10,5,99.4,3,17,13.04,7.5,6.52,7.25,6.3,12.5
"277",277,"CLE",2022-11-13,35,"Sun",9,10,"@","MIA","L 17-39",22,35,13,62.9,185,1,0,2.9,0,89.2,3,27,7.89,5.3,4.87,5.86,5.39,8.4
"278",278,"IND",2022-11-13,28,"Sun",10,10,"@","LVR","W 25-20",21,28,7,75,208,1,0,3.6,0,109.5,1,14,3.45,7.4,7.17,8.14,7.86,9.9
"279",279,"ARI",2022-11-13,37,"Sun",10,10,"@","LAR","W 27-17",26,37,11,70.3,220,1,0,2.7,0,96.5,2,18,5.13,5.9,5.64,6.49,6.15,8.5
"280",280,"DAL",2022-11-13,46,"Sun",9,10,"@","GNB","L 28-31 (OT)",27,46,19,58.7,262,3,2,6.5,4.3,78.6,2,3,4.17,5.7,5.46,5.04,4.83,9.7
"281",281,"DEN",2022-11-13,42,"Sun",9,10,"@","TEN","L 10-17",21,42,21,50,248,1,1,2.4,2.4,70.1,6,38,12.5,5.9,5.17,5.31,4.65,11.8
"282",282,"DET",2022-11-13,26,"Sun",9,10,"@","CHI","W 31-30",19,26,7,73.1,228,1,0,3.8,0,113.6,2,8,7.14,8.8,8.14,9.54,8.86,12
"283",283,"GNB",2022-11-13,20,"Sun",10,10,NA,"DAL","W 31-28 (OT)",14,20,6,70,208,3,0,15,0,146.7,2,16,9.09,10.4,9.45,13.4,12.18,14.9
"284",284,"HOU",2022-11-13,37,"Sun",9,10,"@","NYG","L 16-24",22,37,15,59.5,286,1,1,2.7,2.7,85.3,4,33,9.76,7.7,6.98,7.05,6.37,13
"285",285,"JAX",2022-11-13,40,"Sun",10,10,"@","KAN","L 17-27",29,40,11,72.5,240,2,0,5,0,106.1,5,19,11.11,6,5.33,7,6.22,8.3
"286",286,"KAN",2022-11-13,35,"Sun",9,10,NA,"JAX","W 27-17",26,35,9,74.3,331,4,1,11.4,2.9,129.6,0,0,0,9.5,9.46,10.46,10.46,12.7
"287",287,"MIA",2022-11-13,33,"Sun",10,10,NA,"CLE","W 39-17",26,33,7,78.8,296,3,0,9.1,0,135.1,1,6,2.94,9,8.71,10.79,10.47,11.4
"288",288,"MIN",2022-11-13,50,"Sun",9,10,"@","BUF","W 33-30 (OT)",30,50,20,60,334,1,2,2,4,71.8,4,23,7.41,6.7,6.19,5.28,4.89,11.1
"289",289,"NOR",2022-11-13,28,"Sun",10,10,"@","PIT","L 10-20",17,28,11,60.7,157,1,2,3.6,7.1,60.7,2,17,6.67,5.6,5.23,3.11,2.9,9.2
"290",290,"NYG",2022-11-13,17,"Sun",9,10,NA,"HOU","W 24-16",13,17,4,76.5,176,2,0,11.8,0,153.3,3,21,15,10.4,8.8,12.71,10.8,13.5
"291",291,"TEN",2022-11-13,36,"Sun",9,10,NA,"DEN","W 17-10",19,36,17,52.8,244,2,0,5.6,0,94.1,1,11,2.7,6.8,6.59,7.89,7.68,12.8
"292",292,"PIT",2022-11-13,30,"Sun",9,10,NA,"NOR","W 20-10",18,30,12,60,162,0,0,0,0,79.7,6,37,16.67,5.4,4.5,5.4,4.5,9
"293",293,"LVR",2022-11-13,38,"Sun",9,10,NA,"IND","L 20-25",24,38,14,63.2,232,2,0,5.3,0,99.5,2,16,5,6.1,5.8,7.16,6.8,9.7
"294",294,"LAR",2022-11-13,37,"Sun",9,10,NA,"ARI","L 17-27",25,37,12,67.6,190,1,1,2.7,2.7,79.7,3,19,7.5,5.1,4.75,4.46,4.13,7.6
"295",295,"LAC",2022-11-13,37,"Sun",9,10,"@","SFO","L 16-22",21,37,16,56.8,187,1,1,2.7,2.7,69.2,3,9,7.5,5.1,4.68,4.38,4.05,8.9
"296",296,"SEA",2022-11-13,33,"Sun",10,10,"@","TAM","L 16-21",23,33,10,69.7,244,2,0,6.1,0,115.1,3,31,8.33,7.4,6.78,8.61,7.89,10.6
"297",297,"SFO",2022-11-13,28,"Sun",9,10,NA,"LAC","W 22-16",19,28,9,67.9,230,0,0,0,0,94.3,1,10,3.45,8.2,7.93,8.21,7.93,12.1
"298",298,"TAM",2022-11-13,30,"Sun",10,10,NA,"SEA","W 21-16",22,30,8,73.3,258,2,2,6.7,6.7,93.5,0,0,0,8.6,8.6,6.93,6.93,11.7
"299",299,"PHI",2022-11-14,26,"Mon",9,10,NA,"WAS","L 21-32",17,26,9,65.4,170,2,1,7.7,3.8,94.2,1,5,3.7,6.5,6.3,6.35,6.11,10
"300",300,"WAS",2022-11-14,29,"Mon",10,10,"@","PHI","W 32-21",17,29,12,58.6,178,0,1,0,3.4,66.9,3,33,9.38,6.1,5.56,4.59,4.16,10.5
"301",301,"GNB",2022-11-17,39,"Thu",11,11,NA,"TEN","L 17-27",24,39,15,61.5,215,2,0,5.1,0,94.7,1,12,2.5,5.5,5.38,6.54,6.38,9
"302",302,"TEN",2022-11-17,29,"Thu",10,11,"@","GNB","W 27-17",24,29,5,82.8,320,3,1,10.3,3.4,135.2,3,17,9.38,11,10,11.55,10.47,13.3
"303",303,"ATL",2022-11-20,20,"Sun",11,11,NA,"CHI","W 27-24",13,20,7,65,131,1,0,5,0,100.2,0,0,0,6.6,6.55,7.55,7.55,10.1
"304",304,"BUF",2022-11-20,27,"Sun",10,11,NA,"CLE","W 31-23",18,27,9,66.7,186,1,0,3.7,0,100.4,2,11,6.9,6.9,6.41,7.63,7.1,10.3
"305",305,"CAR",2022-11-20,33,"Sun",11,11,"@","BAL","L 3-13",21,33,12,63.6,169,0,2,0,6.1,54.6,4,27,10.81,5.1,4.57,2.39,2.14,8
"306",306,"CHI",2022-11-20,21,"Sun",11,11,"@","ATL","L 24-27",14,21,7,66.7,128,1,1,4.8,4.8,84,4,25,16,6.1,5.12,4.9,4.12,9.1
"307",307,"CIN",2022-11-20,39,"Sun",10,11,"@","PIT","W 37-30",24,39,15,61.5,346,4,2,10.3,5.1,104.1,2,9,4.88,8.9,8.44,8.62,8.2,14.4
"308",308,"CLE",2022-11-20,41,"Sun",10,11,"@","BUF","L 23-31",28,41,13,68.3,316,3,0,7.3,0,116.3,1,8,2.38,7.7,7.52,9.17,8.95,11.3
"309",309,"IND",2022-11-20,32,"Sun",11,11,NA,"PHI","L 16-17",23,32,9,71.9,185,0,0,0,0,89.7,4,28,11.11,5.8,5.14,5.78,5.14,8
"310",310,"DAL",2022-11-20,30,"Sun",10,11,"@","MIN","W 40-3",26,30,4,86.7,307,2,0,6.7,0,131.5,0,0,0,10.2,10.23,11.57,11.57,11.8
"311",311,"DEN",2022-11-20,31,"Sun",10,11,NA,"LVR","L 16-22 (OT)",24,31,7,77.4,226,0,0,0,0,99.8,3,21,8.82,7.3,6.65,7.29,6.65,9.4
"312",312,"DET",2022-11-20,26,"Sun",10,11,"@","NYG","W 31-18",17,26,9,65.4,165,0,0,0,0,83,0,0,0,6.3,6.35,6.35,6.35,9.7
"313",313,"HOU",2022-11-20,33,"Sun",10,11,NA,"WAS","L 10-23",19,33,14,57.6,127,0,2,0,6.1,46.1,5,42,13.16,3.8,3.34,1.12,0.97,6.7
"314",314,"KAN",2022-11-20,34,"Sun",10,11,"@","LAC","W 30-27",20,34,14,58.8,322,3,0,8.8,0,120.8,1,7,2.86,9.5,9.2,11.24,10.91,16.1
"315",315,"MIN",2022-11-20,30,"Sun",10,11,NA,"DAL","L 3-40",17,30,13,56.7,110,0,0,0,0,71.4,7,49,18.92,3.7,2.97,3.67,2.97,6.5
"316",316,"NOR",2022-11-20,28,"Sun",11,11,NA,"LAR","W 27-20",22,28,6,78.6,235,3,0,10.7,0,143.2,4,39,12.5,8.4,7.34,10.54,9.22,10.7
"317",317,"NWE",2022-11-20,27,"Sun",10,11,NA,"NYJ","W 10-3",23,27,4,85.2,198,0,0,0,0,104.6,6,48,18.18,7.3,6,7.33,6,8.6
"318",318,"NYG",2022-11-20,44,"Sun",10,11,NA,"DET","L 18-31",27,44,17,61.4,324,1,2,2.3,4.5,74.1,2,17,4.35,7.4,7.04,5.77,5.52,12
"319",319,"NYJ",2022-11-20,22,"Sun",10,11,"@","NWE","L 3-10",9,22,13,40.9,44,0,0,0,0,50.8,4,33,15.38,2,1.69,2,1.69,4.9
"320",320,"PHI",2022-11-20,25,"Sun",10,11,"@","IND","W 17-16",18,25,7,72,173,1,0,4,0,107.1,3,17,10.71,6.9,6.18,7.72,6.89,9.6
"321",321,"PIT",2022-11-20,42,"Sun",10,11,NA,"CIN","L 30-37",25,42,17,59.5,249,1,0,2.4,0,85.9,2,16,4.55,5.9,5.66,6.4,6.11,10
"322",322,"LVR",2022-11-20,37,"Sun",10,11,"@","DEN","W 22-16 (OT)",23,37,14,62.2,298,2,0,5.4,0,106.5,1,9,2.63,8.1,7.84,9.14,8.89,13
"323",323,"LAR",2022-11-20,28,"Sun",10,11,"@","NOR","L 20-27",16,28,12,57.1,188,2,0,7.1,0,106.7,4,35,12.5,6.7,5.88,8.14,7.13,11.8
"324",324,"BAL",2022-11-20,33,"Sun",10,11,NA,"CAR","W 13-3",24,33,9,72.7,193,0,1,0,3,76.5,3,16,8.33,5.8,5.36,4.48,4.11,8
"325",325,"LAC",2022-11-20,30,"Sun",10,11,NA,"KAN","L 27-30",23,30,7,76.7,250,2,1,6.7,3.3,113.2,5,30,14.29,8.3,7.14,8.17,7,10.9
"326",326,"WAS",2022-11-20,27,"Sun",11,11,"@","HOU","W 23-10",15,27,12,55.6,191,0,0,0,0,77.9,0,0,0,7.1,7.07,7.07,7.07,12.7
"327",327,"ARI",2022-11-21,44,"Mon",11,11,NA,"SFO","L 10-38",30,44,14,68.2,247,0,2,0,4.5,66.2,3,30,6.38,5.6,5.26,3.57,3.34,8.2
"328",328,"SFO",2022-11-21,29,"Mon",10,11,"@","ARI","W 38-10",20,29,9,69,228,4,0,13.8,0,131.9,0,0,0,7.9,7.86,10.62,10.62,11.4
"329",329,"BUF",2022-11-24,42,"Thu",11,12,"@","DET","W 28-25",24,42,18,57.1,237,2,1,4.8,2.4,80.8,3,16,6.67,5.6,5.27,5.52,5.16,9.9
"330",330,"DAL",2022-11-24,30,"Thu",11,12,NA,"NYG","W 28-20",21,30,9,70,261,2,2,6.7,6.7,91.1,0,0,0,8.7,8.7,7.03,7.03,12.4
"331",331,"DET",2022-11-24,37,"Thu",11,12,NA,"BUF","L 25-28",23,37,14,62.2,230,2,0,5.4,0,98.9,2,10,5.13,6.2,5.9,7.3,6.92,10
"332",332,"MIN",2022-11-24,38,"Thu",11,12,NA,"NWE","W 33-26",31,38,7,81.6,301,3,1,7.9,2.6,116,1,9,2.56,7.9,7.72,8.32,8.1,9.7
"333",333,"NWE",2022-11-24,39,"Thu",11,12,"@","MIN","L 26-33",28,39,11,71.8,364,2,0,5.1,0,119.8,3,18,7.14,9.3,8.67,10.36,9.62,13
"334",334,"NYG",2022-11-24,35,"Thu",11,12,"@","DAL","L 20-28",21,35,14,60,210,1,0,2.9,0,88.7,3,18,7.89,6,5.53,6.57,6.05,10
"335",335,"ATL",2022-11-27,25,"Sun",12,12,"@","WAS","L 13-19",15,25,10,60,165,1,1,4,4,77.7,1,9,3.85,6.6,6.35,5.6,5.38,11
"336",336,"CAR",2022-11-27,19,"Sun",12,12,NA,"DEN","W 23-10",11,19,8,57.9,164,1,0,5.3,0,103.8,0,0,0,8.6,8.63,9.68,9.68,14.9
"337",337,"CHI",2022-11-27,25,"Sun",12,12,"@","NYJ","L 10-31",14,25,11,56,165,1,1,4,4,75.2,2,14,7.41,6.6,6.11,5.6,5.19,11.8
"338",338,"CIN",2022-11-27,37,"Sun",11,12,"@","TEN","W 20-16",22,37,15,59.5,266,1,0,2.7,0,91,1,4,2.63,7.2,7,7.73,7.53,12.1
"339",339,"CLE",2022-11-27,37,"Sun",11,12,NA,"TAM","W 23-17 (OT)",23,37,14,62.2,178,1,1,2.7,2.7,75.3,4,32,9.76,4.8,4.34,4.14,3.73,7.7
"340",340,"ARI",2022-11-27,29,"Sun",12,12,NA,"LAC","L 24-25",18,29,11,62.1,185,2,1,6.9,3.4,89.9,1,6,3.33,6.4,6.17,6.21,6,10.3
"341",341,"DEN",2022-11-27,35,"Sun",11,12,"@","CAR","L 10-23",19,35,16,54.3,125,1,0,2.9,0,73.7,3,17,7.89,3.6,3.29,4.14,3.82,6.6
"342",342,"GNB",2022-11-27,25,"Sun",12,12,"@","PHI","L 33-40",17,25,8,68,236,3,2,12,8,107.2,3,17,10.71,9.4,8.43,8.24,7.36,13.9
"343",343,"HOU",2022-11-27,39,"Sun",11,12,"@","MIA","L 15-30",26,39,13,66.7,174,1,2,2.6,5.1,67.8,5,41,11.36,4.5,3.95,2.67,2.36,6.7
"344",344,"JAX",2022-11-27,37,"Sun",11,12,NA,"BAL","W 28-27",29,37,8,78.4,294,3,0,8.1,0,129.8,4,27,9.76,7.9,7.17,9.57,8.63,10.1
"345",345,"KAN",2022-11-27,42,"Sun",11,12,NA,"LAR","W 26-10",27,42,15,64.3,320,1,1,2.4,2.4,85.4,0,0,0,7.6,7.62,7.02,7.02,11.9
"346",346,"MIA",2022-11-27,41,"Sun",11,12,NA,"HOU","W 30-15",23,41,18,56.1,273,1,0,2.4,0,88,5,32,10.87,6.7,5.93,7.15,6.37,11.9
"347",347,"NOR",2022-11-27,30,"Sun",12,12,"@","SFO","L 0-13",18,30,12,60,197,0,0,0,0,80.4,1,7,3.23,6.6,6.35,6.57,6.35,10.9
"348",348,"NYJ",2022-11-27,29,"Sun",11,12,NA,"CHI","W 31-10",22,29,7,75.9,308,3,0,10.3,0,145,1,7,3.33,10.6,10.27,12.69,12.27,14
"349",349,"TEN",2022-11-27,34,"Sun",11,12,NA,"CIN","L 16-20",22,34,12,64.7,281,0,0,0,0,91.7,1,10,2.86,8.3,8.03,8.26,8.03,12.8
"350",350,"PHI",2022-11-27,28,"Sun",11,12,NA,"GNB","W 40-33",16,28,12,57.1,137,2,0,7.1,0,96.3,2,16,6.67,4.9,4.57,6.32,5.9,8.6
"351",351,"LVR",2022-11-27,36,"Sun",11,12,"@","SEA","W 40-34 (OT)",25,36,11,69.4,293,3,2,8.3,5.6,98.7,1,2,2.7,8.1,7.92,7.31,7.11,11.7
"352",352,"LAR",2022-11-27,24,"Sun",11,12,"@","KAN","L 10-26",14,24,10,58.3,82,1,2,4.2,8.3,48.3,3,24,11.11,3.4,3.04,0.5,0.44,5.9
"353",353,"BAL",2022-11-27,32,"Sun",11,12,"@","JAX","L 27-28",16,32,16,50,253,1,0,3.1,0,87.2,1,1,3.03,7.9,7.67,8.53,8.27,15.8
"354",354,"LAC",2022-11-27,47,"Sun",11,12,"@","ARI","W 25-24",35,47,12,74.5,246,3,0,6.4,0,109.7,4,28,7.84,5.2,4.82,6.51,6,7
"355",355,"SEA",2022-11-27,37,"Sun",11,12,NA,"LVR","L 34-40 (OT)",27,37,10,73,307,2,1,5.4,2.7,106.6,3,21,7.5,8.3,7.68,8.16,7.55,11.4
"356",356,"SFO",2022-11-27,37,"Sun",11,12,NA,"NOR","W 13-0",26,37,11,70.3,221,1,0,2.7,0,94.7,1,1,2.63,6,5.82,6.51,6.34,8.5
"357",357,"TAM",2022-11-27,43,"Sun",11,12,"@","CLE","L 17-23 (OT)",29,43,14,67.4,229,2,0,4.7,0,97.6,3,17,6.52,5.3,4.98,6.26,5.85,7.9
"358",358,"WAS",2022-11-27,23,"Sun",12,12,NA,"ATL","W 19-13",14,23,9,60.9,138,2,1,8.7,4.3,88.7,0,0,0,6,6,5.78,5.78,9.9
"359",359,"IND",2022-11-28,34,"Mon",12,12,NA,"PIT","L 17-24",22,34,12,64.7,180,1,1,2.9,2.9,77.9,3,19,8.11,5.3,4.86,4.56,4.19,8.2
"360",360,"PIT",2022-11-28,28,"Mon",11,12,"@","IND","W 24-17",20,28,8,71.4,151,0,0,0,0,87.5,3,23,9.68,5.4,4.87,5.39,4.87,7.6
"361",361,"BUF",2022-12-01,33,"Thu",12,13,"@","NWE","W 24-10",22,33,11,66.7,223,2,0,6.1,0,106,2,0,5.71,6.8,6.37,7.97,7.51,10.1
"362",362,"NWE",2022-12-01,36,"Thu",12,13,NA,"BUF","L 10-24",22,36,14,61.1,182,1,0,2.8,0,84.8,1,13,2.7,5.1,4.92,5.61,5.46,8.3
"363",363,"ATL",2022-12-04,24,"Sun",13,13,NA,"PIT","L 16-19",13,24,11,54.2,160,1,1,4.2,4.2,72.7,1,7,4,6.7,6.4,5.63,5.4,12.3
"364",364,"CHI",2022-12-04,25,"Sun",13,13,NA,"GNB","L 19-28",20,25,5,80,254,0,2,0,8,75.7,0,0,0,10.2,10.16,6.56,6.56,12.7
"365",365,"CIN",2022-12-04,31,"Sun",12,13,NA,"KAN","W 27-24",25,31,6,80.6,279,2,0,6.5,0,126.6,1,7,3.13,9,8.72,10.29,9.97,11.2
"366",366,"CLE",2022-12-04,22,"Sun",12,13,"@","HOU","W 27-14",12,22,10,54.5,130,0,1,0,4.5,53.4,1,1,4.35,5.9,5.65,3.86,3.7,10.8
"367",367,"IND",2022-12-04,37,"Sun",13,13,"@","DAL","L 19-54",21,37,16,56.8,203,2,3,5.4,8.1,59.9,3,30,7.5,5.5,5.08,2.92,2.7,9.7
"368",368,"DAL",2022-12-04,30,"Sun",12,13,NA,"IND","W 54-19",20,30,10,66.7,165,3,1,10,3.3,100.7,1,5,3.23,5.5,5.32,6,5.81,8.3
"369",369,"DEN",2022-12-04,22,"Sun",12,13,"@","BAL","L 9-10",17,22,5,77.3,184,0,0,0,0,102.3,2,5,8.33,8.4,7.67,8.36,7.67,10.8
"370",370,"DET",2022-12-04,41,"Sun",12,13,NA,"JAX","W 40-14",31,41,10,75.6,337,2,0,4.9,0,115.9,2,3,4.65,8.2,7.84,9.2,8.77,10.9
"371",371,"GNB",2022-12-04,31,"Sun",13,13,"@","CHI","W 28-19",18,31,13,58.1,182,1,0,3.2,0,85.7,0,0,0,5.9,5.87,6.52,6.52,10.1
"372",372,"HOU",2022-12-04,39,"Sun",12,13,NA,"CLE","L 14-27",20,39,19,51.3,201,1,2,2.6,5.1,53.5,0,0,0,5.2,5.15,3.36,3.36,10.1
"373",373,"JAX",2022-12-04,34,"Sun",12,13,"@","DET","L 14-40",19,34,15,55.9,171,1,0,2.9,0,81.1,2,14,5.56,5,4.75,5.62,5.31,9
"374",374,"KAN",2022-12-04,27,"Sun",12,13,"@","CIN","L 24-27",16,27,11,59.3,211,1,0,3.7,0,98.2,2,12,6.9,7.8,7.28,8.56,7.97,13.2
"375",375,"MIA",2022-12-04,34,"Sun",12,13,"@","SFO","L 17-33",18,34,16,52.9,275,2,3,5.9,8.8,65.2,3,20,8.11,8.1,7.43,5.29,4.86,15.3
"376",376,"MIN",2022-12-04,35,"Sun",12,13,NA,"NYJ","W 27-22",21,35,14,60,159,1,0,2.9,0,82.2,2,14,5.41,4.5,4.3,5.11,4.84,7.6
"377",377,"NYG",2022-12-04,31,"Sun",12,13,NA,"WAS","T 20-20 (OT)",25,31,6,80.6,182,1,0,3.2,0,104.3,4,18,11.43,5.9,5.2,6.52,5.77,7.3
"378",378,"NYJ",2022-12-04,58,"Sun",12,13,"@","MIN","L 22-27",31,58,27,53.4,366,0,2,0,3.4,58.8,1,3,1.69,6.3,6.2,4.76,4.68,11.8
"379",379,"TEN",2022-12-04,26,"Sun",12,13,"@","PHI","L 10-35",16,26,10,61.5,122,1,0,3.8,0,91.3,6,35,18.75,4.7,3.81,5.46,4.44,7.6
"380",380,"PHI",2022-12-04,41,"Sun",12,13,NA,"TEN","W 35-10",30,41,11,73.2,386,3,0,7.3,0,127.2,2,5,4.65,9.4,8.98,10.88,10.37,12.9
"381",381,"PIT",2022-12-04,28,"Sun",12,13,"@","ATL","W 19-16",16,28,12,57.1,197,1,0,3.6,0,90.9,0,0,0,7,7.04,7.75,7.75,12.3
"382",382,"LVR",2022-12-04,30,"Sun",12,13,NA,"LAC","W 27-20",16,30,14,53.3,250,2,1,6.7,3.3,89.6,0,0,0,8.3,8.33,8.17,8.17,15.6
"383",383,"LAR",2022-12-04,26,"Sun",12,13,NA,"SEA","L 23-27",14,26,12,53.8,148,0,2,0,7.7,43.4,4,30,13.33,5.7,4.93,2.23,1.93,10.6
"384",384,"BAL",2022-12-04,37,"Sun",12,13,NA,"DEN","W 10-9",30,37,7,81.1,182,0,2,0,5.4,66.4,4,16,9.76,4.9,4.44,2.49,2.24,6.1
"385",385,"LAC",2022-12-04,47,"Sun",12,13,"@","LVR","L 20-27",28,47,19,59.6,314,1,0,2.1,0,88.5,5,21,9.62,6.7,6.04,7.11,6.42,11.2
"386",386,"SEA",2022-12-04,39,"Sun",12,13,"@","LAR","W 27-23",28,39,11,71.8,348,3,1,7.7,2.6,116.1,4,19,9.3,8.9,8.09,9.31,8.44,12.4
"387",387,"SFO",2022-12-04,41,"Sun",12,13,NA,"MIA","W 33-17",27,41,14,65.9,230,2,1,4.9,2.4,90.1,4,36,8.89,5.6,5.11,5.49,5,8.5
"388",388,"WAS",2022-12-04,41,"Sun",13,13,"@","NYG","T 20-20 (OT)",27,41,14,65.9,246,2,0,4.9,0,101.2,5,29,10.87,6,5.35,6.98,6.22,9.1
"389",389,"NOR",2022-12-05,29,"Mon",13,13,"@","TAM","L 16-17",21,29,8,72.4,232,1,0,3.4,0,109.8,2,18,6.45,8,7.48,8.69,8.13,11
"390",390,"TAM",2022-12-05,54,"Mon",12,13,NA,"NOR","W 17-16",36,54,18,66.7,274,2,1,3.7,1.9,84,1,7,1.82,5.1,4.98,4.98,4.89,7.6
"391",391,"LVR",2022-12-08,20,"Thu",13,14,"@","LAR","L 16-17",11,20,9,55,137,0,2,0,10,36.9,0,0,0,6.9,6.85,2.35,2.35,12.5
"392",392,"LAR",2022-12-08,35,"Thu",13,14,NA,"LVR","W 17-16",22,35,13,62.9,211,1,0,2.9,0,91.4,4,19,10.26,6,5.41,6.6,5.92,9.6
"393",393,"BUF",2022-12-11,27,"Sun",13,14,NA,"NYJ","W 20-12",16,27,11,59.3,130,1,0,3.7,0,86.5,3,17,10,4.8,4.33,5.56,5,8.1
"394",394,"CAR",2022-12-11,24,"Sun",13,14,"@","SEA","W 30-24",14,24,10,58.3,105,1,0,4.2,0,85.4,2,15,7.69,4.4,4.04,5.21,4.81,7.5
"395",395,"CIN",2022-12-11,33,"Sun",13,14,NA,"CLE","W 23-10",18,33,15,54.5,227,2,1,6.1,3,85.3,2,12,5.71,6.9,6.49,6.73,6.34,12.6
"396",396,"CLE",2022-12-11,43,"Sun",13,14,"@","CIN","L 10-23",26,43,17,60.5,273,1,1,2.3,2.3,77.3,2,3,4.44,6.3,6.07,5.77,5.51,10.5
"397",397,"DAL",2022-12-11,39,"Sun",13,14,NA,"HOU","W 27-23",24,39,15,61.5,277,1,2,2.6,5.1,70.9,1,7,2.5,7.1,6.93,5.31,5.18,11.5
"398",398,"DEN",2022-12-11,44,"Sun",13,14,NA,"KAN","L 28-34",27,44,17,61.4,214,4,2,9.1,4.5,89.5,6,49,12,4.9,4.28,4.64,4.08,7.9
"399",399,"DET",2022-12-11,39,"Sun",13,14,NA,"MIN","W 34-23",27,39,12,69.2,330,3,0,7.7,0,120.7,0,0,0,8.5,8.46,10,10,12.2
"400",400,"HOU",2022-12-11,27,"Sun",13,14,"@","DAL","L 23-27",20,27,7,74.1,213,1,1,3.7,3.7,93.6,0,0,0,7.9,7.89,6.96,6.96,10.7
"401",401,"BUF",2022-12-11,27,"Sun",13,14,NA,"NYJ","W 20-12",16,27,11,59.3,130,1,0,3.7,0,86.5,3,17,10,4.8,4.33,5.56,5,8.1
"402",402,"TAM",2022-12-11,55,"Sun",13,14,"@","SFO","L 7-35",34,55,21,61.8,253,1,2,1.8,3.6,63.7,0,0,0,4.6,4.6,3.33,3.33,7.4
"403",403,"DET",2022-12-11,39,"Sun",13,14,NA,"MIN","W 34-23",27,39,12,69.2,330,3,0,7.7,0,120.7,0,0,0,8.5,8.46,10,10,12.2
"404",404,"CIN",2022-12-11,33,"Sun",13,14,NA,"CLE","W 23-10",18,33,15,54.5,227,2,1,6.1,3,85.3,2,12,5.71,6.9,6.49,6.73,6.34,12.6
"405",405,"BAL",2022-12-11,17,"Sun",13,14,"@","PIT","W 16-14",11,17,6,64.7,94,0,0,0,0,81.5,2,10,10.53,5.5,4.95,5.53,4.95,8.5
"406",406,"SEA",2022-12-11,36,"Sun",13,14,NA,"CAR","L 24-30",21,36,15,58.3,241,3,2,8.3,5.6,85.9,3,23,7.69,6.7,6.18,5.86,5.41,11.5
"407",407,"MIN",2022-12-11,41,"Sun",13,14,"@","DET","L 23-34",31,41,10,75.6,394,2,0,4.9,0,124.5,4,31,8.89,9.6,8.76,10.59,9.64,12.7
"408",408,"LAC",2022-12-11,51,"Sun",13,14,NA,"MIA","W 23-17",39,51,12,76.5,350,1,0,2,0,102.3,4,17,7.27,6.9,6.36,7.25,6.73,9
"409",409,"PIT",2022-12-11,31,"Sun",13,14,NA,"BAL","L 14-16",22,31,9,71,264,1,3,3.2,9.7,69.5,2,12,6.06,8.5,8,4.81,4.52,12
"410",410,"PHI",2022-12-11,31,"Sun",13,14,"@","NYG","W 48-22",21,31,10,67.7,184,2,0,6.5,0,109.2,4,33,11.43,5.9,5.26,7.23,6.4,8.8
"411",411,"NYJ",2022-12-11,47,"Sun",13,14,"@","BUF","L 12-20",28,47,19,59.6,233,0,0,0,0,75.6,4,36,7.84,5,4.57,4.96,4.57,8.3
"412",412,"NYG",2022-12-11,32,"Sun",13,14,NA,"PHI","L 22-48",23,32,9,71.9,181,2,0,6.3,0,110.9,7,35,17.95,5.7,4.64,6.91,5.67,7.9
"413",413,"KAN",2022-12-11,42,"Sun",13,14,"@","DEN","W 34-28",28,42,14,66.7,342,3,3,7.1,7.1,86.6,2,10,4.55,8.1,7.77,6.36,6.07,12.2
"414",414,"JAX",2022-12-11,42,"Sun",13,14,"@","TEN","W 36-22",30,42,12,71.4,368,3,0,7.1,0,121.9,0,0,0,8.8,8.76,10.19,10.19,12.3
"415",415,"ARI",2022-12-12,41,"Mon",13,14,NA,"NWE","L 13-27",28,41,13,68.3,210,0,1,0,2.4,74.7,6,45,12.77,5.1,4.47,4.02,3.51,7.5
"416",416,"NWE",2022-12-12,35,"Mon",13,14,"@","ARI","W 27-13",24,35,11,68.6,225,0,1,0,2.9,75.3,1,10,2.78,6.4,6.25,5.14,5,9.4
"417",417,"SFO",2022-12-15,26,"Thu",14,15,"@","SEA","W 21-13",17,26,9,65.4,211,2,0,7.7,0,117,1,6,3.7,8.1,7.81,9.65,9.3,12.4
"418",418,"SEA",2022-12-15,44,"Thu",14,15,NA,"SFO","L 13-21",31,44,13,70.5,207,1,0,2.3,0,90.9,3,31,6.38,4.7,4.4,5.16,4.83,6.7
"419",419,"MIA",2022-12-17,30,"Sat",14,15,"@","BUF","L 29-32",17,30,13,56.7,217,2,0,6.7,0,104,2,17,6.25,7.2,6.78,8.57,8.03,12.8
"420",420,"CLE",2022-12-17,28,"Sat",14,15,NA,"BAL","W 13-3",18,28,10,64.3,140,1,0,3.6,0,91.5,3,21,9.68,5,4.52,5.71,5.16,7.8
"421",421,"BUF",2022-12-17,40,"Sat",14,15,NA,"MIA","W 32-29",25,40,15,62.5,296,4,0,10,0,119.2,2,8,4.76,7.4,7.05,9.4,8.95,11.8
"422",422,"BAL",2022-12-17,30,"Sat",14,15,"@","CLE","L 3-13",17,30,13,56.7,126,0,1,0,3.3,54.6,3,12,9.09,4.2,3.82,2.7,2.45,7.4
"423",423,"MIN",2022-12-17,55,"Sat",14,15,NA,"IND","W 39-36 (OT)",34,55,21,61.8,426,4,2,7.3,3.6,97.5,7,34,11.29,7.7,6.87,7.56,6.71,12.5
"424",424,"IND",2022-12-17,33,"Sat",14,15,"@","MIN","L 36-39 (OT)",19,33,14,57.6,170,1,0,3,0,83.1,3,12,8.33,5.2,4.72,5.76,5.28,8.9
"425",425,"DAL",2022-12-18,30,"Sun",14,15,"@","JAX","L 34-40 (OT)",23,30,7,76.7,243,3,2,10,6.7,107.1,3,13,9.09,8.1,7.36,7.1,6.45,10.6
"426",426,"TEN",2022-12-18,26,"Sun",14,15,"@","LAC","L 14-17",18,26,8,69.2,157,0,1,0,3.8,73.4,4,28,13.33,6,5.23,4.31,3.73,8.7
"427",427,"ARI",2022-12-18,36,"Sun",14,15,"@","DEN","L 15-24",20,36,16,55.6,167,0,3,0,8.3,33.7,3,6,7.69,4.6,4.28,0.89,0.82,8.4
"428",428,"HOU",2022-12-18,29,"Sun",14,15,NA,"KAN","L 24-30 (OT)",14,29,15,48.3,125,2,0,6.9,0,83.8,1,4,3.33,4.3,4.17,5.69,5.5,8.9
"429",429,"DEN",2022-12-18,26,"Sun",14,15,NA,"ARI","W 24-15",21,26,5,80.8,156,1,1,3.8,3.8,95,7,41,21.21,6,4.73,5.04,3.97,7.4
"430",430,"CAR",2022-12-18,23,"Sun",14,15,NA,"PIT","L 16-24",14,23,9,60.9,188,1,0,4.3,0,108.1,4,37,14.81,8.2,6.96,9.04,7.7,13.4
"431",431,"TAM",2022-12-18,44,"Sun",14,15,NA,"CIN","L 23-34",30,44,14,68.2,304,3,2,6.8,4.5,92.2,1,8,2.22,6.9,6.76,6.23,6.09,10.1
"432",432,"DET",2022-12-18,38,"Sun",14,15,"@","NYJ","W 20-17",23,38,15,60.5,252,1,0,2.6,0,88.9,0,0,0,6.6,6.63,7.16,7.16,11
"433",433,"CIN",2022-12-18,39,"Sun",14,15,"@","TAM","W 34-23",27,39,12,69.2,184,4,1,10.3,2.6,104.6,2,16,4.88,4.7,4.49,5.62,5.34,6.8
"434",434,"ATL",2022-12-18,26,"Sun",14,15,"@","NOR","L 18-21",13,26,13,50,89,0,0,0,0,59.3,4,8,13.33,3.4,2.97,3.42,2.97,6.8
"435",435,"LVR",2022-12-18,38,"Sun",14,15,NA,"NWE","W 30-24",20,38,18,52.6,211,3,1,7.9,2.6,86.6,3,20,7.32,5.6,5.15,5.95,5.51,10.6
"436",436,"LAC",2022-12-18,42,"Sun",14,15,NA,"TEN","W 17-14",28,42,14,66.7,291,0,2,0,4.8,68.8,3,22,6.67,6.9,6.47,4.79,4.47,10.4
"437",437,"NOR",2022-12-18,19,"Sun",14,15,NA,"ATL","W 21-18",13,19,6,68.4,214,3,0,15.8,0,149.3,2,17,9.52,11.3,10.19,14.42,13.05,16.5
"438",438,"NWE",2022-12-18,31,"Sun",14,15,"@","LVR","L 24-30",13,31,18,41.9,112,0,0,0,0,52.1,0,0,0,3.6,3.61,3.61,3.61,8.6
"439",439,"PIT",2022-12-18,22,"Sun",14,15,"@","CAR","W 24-16",17,22,5,77.3,169,0,0,0,0,100.4,1,10,4.35,7.7,7.35,7.68,7.35,9.9
"440",440,"CHI",2022-12-18,22,"Sun",14,15,NA,"PHI","L 20-25",14,22,8,63.6,91,2,0,9.1,0,114.2,6,61,21.43,4.1,3.25,5.95,4.68,6.5
"441",441,"WAS",2022-12-18,29,"Sun",14,15,NA,"NYG","L 12-20",17,29,12,58.6,228,1,0,3.4,0,98.2,3,21,9.38,7.9,7.13,8.55,7.75,13.4
"442",442,"PHI",2022-12-18,37,"Sun",14,15,"@","CHI","W 25-20",22,37,15,59.5,309,0,2,0,5.4,64.6,1,6,2.63,8.4,8.13,5.92,5.76,14
"443",443,"NYJ",2022-12-18,35,"Sun",14,15,NA,"DET","L 17-20",18,35,17,51.4,287,2,1,5.7,2.9,89.8,4,30,10.26,8.2,7.36,8.06,7.23,15.9
"444",444,"NYG",2022-12-18,32,"Sun",14,15,"@","WAS","W 20-12",21,32,11,65.6,160,0,0,0,0,77.6,0,0,0,5,5,5,5,7.6
"445",445,"KAN",2022-12-18,41,"Sun",14,15,"@","HOU","W 30-24 (OT)",36,41,5,87.8,313,2,0,4.9,0,117.1,2,23,4.65,7.6,7.28,8.61,8.21,8.7
"446",446,"JAX",2022-12-18,42,"Sun",14,15,NA,"DAL","W 40-34 (OT)",27,42,15,64.3,311,4,1,9.5,2.4,109,1,7,2.33,7.4,7.23,8.24,8.05,11.5
"447",447,"LAR",2022-12-19,21,"Mon",14,15,"@","GNB","L 12-24",12,21,9,57.1,84,1,1,4.8,4.8,67.8,5,27,19.23,4,3.23,2.81,2.27,7
"448",448,"GNB",2022-12-19,30,"Mon",14,15,NA,"LAR","W 24-12",22,30,8,73.3,207,1,1,3.3,3.3,92.2,3,22,9.09,6.9,6.27,6.07,5.52,9.4
"449",449,"NYJ",2022-12-22,33,"Thu",15,16,NA,"JAX","L 3-19",19,33,14,57.6,161,0,1,0,3,60.4,3,21,8.33,4.9,4.47,3.52,3.22,8.5
"450",450,"JAX",2022-12-22,31,"Thu",15,16,"@","NYJ","W 19-3",20,31,11,64.5,218,0,0,0,0,86.6,1,11,3.13,7,6.81,7.03,6.81,10.9
"451",451,"DAL",2022-12-24,35,"Sat",15,16,NA,"PHI","W 40-34",27,35,8,77.1,304,3,1,8.6,2.9,124.3,6,43,14.63,8.7,7.41,9.11,7.78,11.3
"452",452,"TEN",2022-12-24,23,"Sat",15,16,NA,"HOU","L 14-19",14,23,9,60.9,88,0,2,0,8.7,34.5,4,11,14.81,3.8,3.26,-0.09,-0.07,6.3
"453",453,"SFO",2022-12-24,22,"Sat",15,16,NA,"WAS","W 37-20",15,22,7,68.2,218,2,1,9.1,4.5,114.6,3,16,12,9.9,8.72,9.68,8.52,14.5
"454",454,"HOU",2022-12-24,32,"Sat",15,16,"@","TEN","W 19-14",20,32,12,62.5,215,1,1,3.1,3.1,79.9,1,3,3.03,6.7,6.52,5.94,5.76,10.8
"455",455,"CAR",2022-12-24,22,"Sat",15,16,NA,"DET","W 37-23",15,22,7,68.2,250,1,0,4.5,0,121.4,0,0,0,11.4,11.36,12.27,12.27,16.7
"456",456,"CLE",2022-12-24,31,"Sat",15,16,NA,"NOR","L 10-17",15,31,16,48.4,125,0,1,0,3.2,47.1,2,10,6.06,4,3.79,2.58,2.42,8.3
"457",457,"BUF",2022-12-24,26,"Sat",15,16,"@","CHI","W 35-13",15,26,11,57.7,172,2,2,7.7,7.7,71.3,1,0,3.7,6.6,6.37,4.69,4.52,11.5
"458",458,"DET",2022-12-24,42,"Sat",15,16,"@","CAR","L 23-37",25,42,17,59.5,336,3,0,7.1,0,110.7,2,19,4.55,8,7.64,9.43,9,13.4
"459",459,"CIN",2022-12-24,52,"Sat",15,16,"@","NWE","W 22-18",40,52,12,76.9,369,3,2,5.8,3.8,99.4,2,6,3.7,7.1,6.83,6.52,6.28,9.2
"460",460,"ATL",2022-12-24,33,"Sat",15,16,"@","BAL","L 9-17",22,33,11,66.7,212,0,0,0,0,85.2,2,6,5.71,6.4,6.06,6.42,6.06,9.6
"461",461,"BAL",2022-12-24,17,"Sat",15,16,NA,"ATL","W 17-9",9,17,8,52.9,115,1,0,5.9,0,94,0,0,0,6.8,6.76,7.94,7.94,12.8
"462",462,"SEA",2022-12-24,40,"Sat",15,16,"@","KAN","L 10-24",25,40,15,62.5,200,1,1,2.5,2.5,74.5,2,15,4.76,5,4.76,4.38,4.17,8
"463",463,"MIN",2022-12-24,48,"Sat",15,16,NA,"NYG","W 27-24",34,48,14,70.8,270,3,0,6.3,0,107.9,4,29,7.69,5.6,5.19,6.88,6.35,7.9
"464",464,"LVR",2022-12-24,30,"Sat",15,16,"@","PIT","L 10-13",16,30,14,53.3,143,1,3,3.3,10,42.2,3,31,9.09,4.8,4.33,0.93,0.85,8.9
"465",465,"NOR",2022-12-24,15,"Sat",15,16,"@","CLE","W 17-10",8,15,7,53.3,92,0,1,0,6.7,44.3,0,0,0,6.1,6.13,3.13,3.13,11.5
"466",466,"NWE",2022-12-24,33,"Sat",15,16,NA,"CIN","L 18-22",21,33,12,63.6,224,2,0,6.1,0,105.6,4,16,10.81,6.8,6.05,8,7.14,10.7
"467",467,"PIT",2022-12-24,39,"Sat",15,16,NA,"LVR","W 13-10",26,39,13,66.7,244,1,1,2.6,2.6,81.6,0,0,0,6.3,6.26,5.62,5.62,9.4
"468",468,"CHI",2022-12-24,28,"Sat",15,16,NA,"BUF","L 13-35",18,28,10,64.3,129,1,1,3.6,3.6,74.1,2,15,6.67,4.6,4.3,3.71,3.47,7.2
"469",469,"WAS",2022-12-24,34,"Sat",15,16,"@","SFO","L 20-37",25,34,9,73.5,270,3,1,8.8,2.9,115.9,2,19,5.56,7.9,7.5,8.38,7.92,10.8
"470",470,"PHI",2022-12-24,40,"Sat",15,16,"@","DAL","L 34-40",24,40,16,60,355,2,2,5,5,84.9,0,0,0,8.9,8.88,7.63,7.63,14.8
"471",471,"NYG",2022-12-24,42,"Sat",15,16,"@","MIN","L 24-27",30,42,12,71.4,319,1,1,2.4,2.4,92.8,3,15,6.67,7.6,7.09,7,6.53,10.6
"472",472,"KAN",2022-12-24,28,"Sat",15,16,NA,"SEA","W 24-10",16,28,12,57.1,220,2,0,7.1,0,106.8,1,4,3.45,7.9,7.59,9.29,8.97,13.8
"473",473,"MIA",2022-12-25,25,"Sun",15,16,NA,"GNB","L 20-26",16,25,9,64,294,1,3,4,12,80.8,2,16,7.41,11.8,10.89,7.16,6.63,18.4
"474",474,"ARI",2022-12-25,46,"Sun",15,16,NA,"TAM","L 16-19 (OT)",25,46,21,54.3,204,0,1,0,2.2,58.3,1,17,2.13,4.4,4.34,3.46,3.38,8.2
"475",475,"DEN",2022-12-25,35,"Sun",15,16,"@","LAR","L 14-51",19,35,16,54.3,219,1,4,2.9,11.4,48.1,6,40,14.63,6.3,5.34,1.69,1.44,11.5
"476",476,"TAM",2022-12-25,48,"Sun",15,16,"@","ARI","W 19-16 (OT)",32,48,16,66.7,281,1,2,2.1,4.2,71.6,0,0,0,5.9,5.85,4.4,4.4,8.8
"477",477,"LAR",2022-12-25,28,"Sun",15,16,NA,"DEN","W 51-14",24,28,4,85.7,230,2,0,7.1,0,124.7,0,0,0,8.2,8.21,9.64,9.64,9.6
"478",478,"GNB",2022-12-25,38,"Sun",15,16,"@","MIA","W 26-20",24,38,14,63.2,222,1,1,2.6,2.6,78.6,2,16,5,5.8,5.55,5.18,4.93,9.3
"479",479,"LAC",2022-12-26,31,"Mon",15,16,"@","IND","W 20-3",24,31,7,77.4,213,0,1,0,3.2,84.7,4,22,11.43,6.9,6.09,5.42,4.8,8.9
"480",480,"IND",2022-12-26,29,"Mon",15,16,NA,"LAC","L 3-20",17,29,12,58.6,104,0,3,0,10.3,31.9,7,39,19.44,3.6,2.89,-1.07,-0.86,6.1
"481",481,"DAL",2022-12-29,41,"Thu",16,17,"@","TEN","W 27-13",29,41,12,70.7,274,2,2,4.9,4.9,85.6,1,8,2.38,6.7,6.52,5.46,5.33,9.4
"482",482,"TEN",2022-12-29,39,"Thu",16,17,NA,"DAL","L 13-27",20,39,19,51.3,220,1,1,2.6,2.6,67.5,2,12,4.88,5.6,5.37,5,4.76,11
"483",483,"MIA",2023-01-01,40,"Sun",16,17,"@","NWE","L 21-23",24,40,16,60,247,2,2,5,5,75.5,2,18,4.76,6.2,5.88,4.93,4.69,10.3
"484",484,"ARI",2023-01-01,40,"Sun",16,17,"@","ATL","L 19-20",24,40,16,60,213,1,0,2.5,0,83.5,2,9,4.76,5.3,5.07,5.83,5.55,8.9
"485",485,"SFO",2023-01-01,35,"Sun",16,17,"@","LVR","W 37-34 (OT)",22,35,13,62.9,284,2,1,5.7,2.9,95.4,0,0,0,8.1,8.11,7.97,7.97,12.9
"486",486,"HOU",2023-01-01,44,"Sun",16,17,NA,"JAX","L 3-31",25,44,19,56.8,193,0,0,0,0,69.4,2,18,4.35,4.4,4.2,4.39,4.2,7.7
"487",487,"DEN",2023-01-01,38,"Sun",16,17,"@","KAN","L 24-27",26,38,12,68.4,190,1,1,2.6,2.6,81.3,4,32,9.52,5,4.52,4.34,3.93,7.3
"488",488,"CAR",2023-01-01,37,"Sun",16,17,"@","TAM","L 24-30",23,37,14,62.2,326,3,1,8.1,2.7,108.1,2,15,5.13,8.8,8.36,9.22,8.74,14.2
"489",489,"CLE",2023-01-01,18,"Sun",16,17,"@","WAS","W 24-10",9,18,9,50,155,3,0,16.7,0,122.5,5,14,21.74,8.6,6.74,11.94,9.35,17.2
"490",490,"TAM",2023-01-01,45,"Sun",16,17,NA,"CAR","W 30-24",34,45,11,75.6,411,3,0,6.7,0,127.3,3,21,6.25,9.1,8.56,10.47,9.81,12.1
"491",491,"LAR",2023-01-01,19,"Sun",16,17,"@","LAC","L 10-31",11,19,8,57.9,111,0,0,0,0,79.3,3,21,13.64,5.8,5.05,5.84,5.05,10.1
"492",492,"DET",2023-01-01,29,"Sun",16,17,NA,"CHI","W 41-10",21,29,8,72.4,239,3,0,10.3,0,133.5,2,16,6.45,8.2,7.71,10.31,9.65,11.4
"493",493,"GNB",2023-01-01,27,"Sun",16,17,NA,"MIN","W 41-17",17,27,10,63,152,1,0,3.7,0,92.8,1,16,3.57,5.6,5.43,6.37,6.14,8.9
"494",494,"ATL",2023-01-01,26,"Sun",16,17,NA,"ARI","W 20-19",19,26,7,73.1,166,0,0,0,0,90.1,1,3,3.7,6.4,6.15,6.38,6.15,8.7
"495",495,"BAL",2023-01-01,21,"Sun",16,17,NA,"PIT","L 13-16",14,21,7,66.7,120,1,1,4.8,4.8,79.5,1,10,4.55,5.7,5.45,4.52,4.32,8.6
"496",496,"SEA",2023-01-01,29,"Sun",16,17,NA,"NYJ","W 23-6",18,29,11,62.1,148,2,0,6.9,0,103.1,4,35,12.12,5.1,4.48,6.48,5.7,8.2
"497",497,"MIN",2023-01-01,35,"Sun",16,17,"@","GNB","L 17-41",22,35,13,62.9,244,2,3,5.7,8.6,69,2,18,5.41,7,6.59,4.26,4.03,11.1
"498",498,"LVR",2023-01-01,34,"Sun",16,17,NA,"SFO","L 34-37 (OT)",23,34,11,67.6,365,3,2,8.8,5.9,108.1,0,0,0,10.7,10.74,9.85,9.85,15.9
"499",499,"LAC",2023-01-01,31,"Sun",16,17,NA,"LAR","W 31-10",24,31,7,77.4,239,2,0,6.5,0,120.2,0,0,0,7.7,7.71,9,9,10
"500",500,"NOR",2023-01-01,24,"Sun",16,17,"@","PHI","W 20-10",20,24,4,83.3,184,0,1,0,4.2,89.1,7,45,22.58,7.7,5.94,5.79,4.48,9.2
"501",501,"NWE",2023-01-01,33,"Sun",16,17,NA,"MIA","W 23-21",20,33,13,60.6,173,2,0,6.1,0,98.5,3,31,8.33,5.2,4.81,6.45,5.92,8.7
"502",502,"PIT",2023-01-01,27,"Sun",16,17,"@","BAL","W 16-13",15,27,12,55.6,153,1,0,3.7,0,86.7,2,15,6.9,5.7,5.28,6.41,5.97,10.2
"503",503,"CHI",2023-01-01,21,"Sun",16,17,"@","DET","L 10-41",7,21,14,33.3,30,1,1,4.8,4.8,40.8,7,45,25,1.4,1.07,0.24,0.18,4.3
"504",504,"WAS",2023-01-01,28,"Sun",16,17,NA,"CLE","L 10-24",16,28,12,57.1,124,0,3,0,10.7,31.4,3,19,9.68,4.4,4,-0.39,-0.35,7.8
"505",505,"IND",2023-01-01,27,"Sun",16,17,"@","NYG","L 10-38",17,27,10,63,124,1,1,3.7,3.7,73.2,2,17,6.9,4.6,4.28,3.67,3.41,7.3
"506",506,"PHI",2023-01-01,32,"Sun",16,17,NA,"NOR","L 10-20",18,32,14,56.3,246,1,1,3.1,3.1,82,6,28,15.79,7.7,6.47,6.91,5.82,13.7
"507",507,"NYJ",2023-01-01,46,"Sun",16,17,"@","SEA","L 6-23",23,46,23,50,204,0,2,0,4.3,47.4,4,36,8,4.4,4.08,2.48,2.28,8.9
"508",508,"NYG",2023-01-01,24,"Sun",16,17,NA,"IND","W 38-10",19,24,5,79.2,177,2,0,8.3,0,125.2,0,0,0,7.4,7.38,9.04,9.04,9.3
"509",509,"KAN",2023-01-01,42,"Sun",16,17,NA,"DEN","W 27-24",29,42,13,69,328,3,1,7.1,2.4,106.1,0,0,0,7.8,7.81,8.17,8.17,11.3
"510",510,"JAX",2023-01-01,29,"Sun",16,17,"@","HOU","W 31-3",22,29,7,75.9,168,0,2,0,6.9,62.6,2,13,6.45,5.8,5.42,2.69,2.52,7.6
"511",511,"TEN",2023-01-07,29,"Sat",17,18,"@","JAX","L 16-20",20,29,9,69,165,1,1,3.4,3.4,82.4,4,14,12.12,5.7,5,4.83,4.24,8.3
"512",512,"LVR",2023-01-07,36,"Sat",17,18,NA,"KAN","L 13-31",22,36,14,61.1,180,1,1,2.8,2.8,76,6,39,14.29,5,4.29,4.31,3.69,8.2
"513",513,"KAN",2023-01-07,26,"Sat",17,18,"@","LVR","W 31-13",18,26,8,69.2,181,1,0,3.8,0,105,2,21,7.14,7,6.46,7.73,7.18,10.1
"514",514,"JAX",2023-01-07,32,"Sat",17,18,NA,"TEN","W 20-16",20,32,12,62.5,203,1,0,3.1,0,92.2,1,9,3.03,6.3,6.15,6.97,6.76,10.2
"515",515,"MIA",2023-01-08,31,"Sun",17,18,NA,"NYJ","W 11-6",20,31,11,64.5,140,0,0,0,0,76.3,1,12,3.13,4.5,4.38,4.52,4.38,7
"516",516,"DAL",2023-01-08,38,"Sun",17,18,"@","WAS","L 6-26",14,38,24,36.8,118,1,1,2.6,2.6,44.6,1,10,2.56,3.1,3.03,2.45,2.38,8.4
"517",517,"ARI",2023-01-08,27,"Sun",17,18,"@","SFO","L 13-38",20,27,7,74.1,194,1,3,3.7,11.1,68.8,3,15,10,7.2,6.47,2.93,2.63,9.7
"518",518,"SFO",2023-01-08,20,"Sun",17,18,NA,"ARI","W 38-13",15,20,5,75,142,3,0,15,0,141.2,4,36,16.67,7.1,5.92,10.1,8.42,9.5
"519",519,"HOU",2023-01-08,40,"Sun",17,18,"@","IND","W 32-31",24,40,16,60,301,3,2,7.5,5,88.6,1,10,2.44,7.5,7.34,6.78,6.61,12.5
"520",520,"DEN",2023-01-08,24,"Sun",17,18,NA,"LAC","W 31-28",13,24,11,54.2,266,3,1,12.5,4.2,118.6,2,17,7.69,11.1,10.23,11.71,10.81,20.5
"521",521,"CAR",2023-01-08,15,"Sun",17,18,"@","NOR","W 10-7",5,15,10,33.3,32,0,2,0,13.3,2.8,2,11,11.76,2.1,1.88,-3.87,-3.41,6.4
"522",522,"CLE",2023-01-08,29,"Sun",17,18,"@","PIT","L 14-28",19,29,10,65.5,173,2,2,6.9,6.9,84,7,57,19.44,6,4.81,4.24,3.42,9.1
"523",523,"BUF",2023-01-08,31,"Sun",16,18,NA,"NWE","W 35-23",19,31,12,61.3,237,3,1,9.7,3.2,106.1,2,17,6.06,7.6,7.18,8.13,7.64,12.5
"524",524,"TAM",2023-01-08,34,"Sun",17,18,"@","ATL","L 17-30",22,34,12,64.7,136,2,0,5.9,0,92.3,0,0,0,4,4,5.18,5.18,6.2
"525",525,"LAR",2023-01-08,26,"Sun",17,18,"@","SEA","L 16-19 (OT)",13,26,13,50,123,0,1,0,3.8,51.3,5,24,16.13,4.7,3.97,3,2.52,9.5
"526",526,"DET",2023-01-08,34,"Sun",17,18,"@","GNB","W 20-16",23,34,11,67.6,219,0,0,0,0,85.9,1,5,2.86,6.4,6.26,6.44,6.26,9.5
"527",527,"CIN",2023-01-08,42,"Sun",16,18,NA,"BAL","W 27-16",25,42,17,59.5,202,1,0,2.4,0,81,2,13,4.55,4.8,4.59,5.29,5.05,8.1
"528",528,"GNB",2023-01-08,27,"Sun",17,18,NA,"DET","L 16-20",17,27,10,63,188,1,1,3.7,3.7,83.1,2,17,6.9,7,6.48,6.04,5.62,11.1
"529",529,"ATL",2023-01-08,30,"Sun",17,18,NA,"TAM","W 30-17",19,30,11,63.3,208,2,0,6.7,0,108.2,2,16,6.25,6.9,6.5,8.27,7.75,10.9
"530",530,"BAL",2023-01-08,44,"Sun",17,18,"@","CIN","L 16-27",19,44,25,43.2,276,0,2,0,4.5,46.2,4,10,8.33,6.3,5.75,4.23,3.88,14.5
"531",531,"SEA",2023-01-08,31,"Sun",17,18,NA,"LAR","W 19-16 (OT)",19,31,12,61.3,205,1,2,3.2,6.5,65.7,3,8,8.82,6.6,6.03,4.35,3.97,10.8
"532",532,"MIN",2023-01-08,33,"Sun",17,18,"@","CHI","W 29-13",28,33,5,84.8,341,1,1,3,3,107.2,0,0,0,10.3,10.33,9.58,9.58,12.2
"533",533,"LAC",2023-01-08,44,"Sun",17,18,"@","DEN","L 28-31",30,44,14,68.2,293,3,0,6.8,0,109.8,1,5,2.22,6.7,6.51,8.02,7.84,9.8
"534",534,"NOR",2023-01-08,25,"Sun",17,18,NA,"CAR","L 7-10",15,25,10,60,161,1,0,4,0,93.9,1,10,3.85,6.4,6.19,7.24,6.96,10.7
"535",535,"NWE",2023-01-08,40,"Sun",17,18,"@","BUF","L 23-35",26,40,14,65,234,3,3,7.5,7.5,75.3,1,9,2.44,5.9,5.71,3.98,3.88,9
"536",536,"PIT",2023-01-08,29,"Sun",17,18,NA,"CLE","W 28-14",13,29,16,44.8,189,1,0,3.4,0,79,1,6,3.33,6.5,6.3,7.21,6.97,14.5
"537",537,"CHI",2023-01-08,27,"Sun",17,18,NA,"MIN","L 13-29",13,27,14,48.1,141,1,2,3.7,7.4,46.4,1,6,3.57,5.2,5.04,2.63,2.54,10.8
"538",538,"WAS",2023-01-08,19,"Sun",17,18,NA,"DAL","W 26-6",11,19,8,57.9,158,1,1,5.3,5.3,83,3,11,13.64,8.3,7.18,7,6.05,14.4
"539",539,"IND",2023-01-08,35,"Sun",17,18,NA,"HOU","L 31-32",23,35,12,65.7,202,2,2,5.7,5.7,77,2,7,5.41,5.8,5.46,4.34,4.11,8.8
"540",540,"PHI",2023-01-08,35,"Sun",17,18,NA,"NYG","W 22-16",20,35,15,57.1,207,0,1,0,2.9,65.1,3,22,7.89,5.9,5.45,4.63,4.26,10.4
"541",541,"NYJ",2023-01-08,33,"Sun",17,18,"@","MIA","L 6-11",18,33,15,54.5,149,0,0,0,0,66.4,0,0,0,4.5,4.52,4.52,4.52,8.3
"542",542,"NYG",2023-01-08,40,"Sun",17,18,"@","PHI","L 16-22",23,40,17,57.5,155,1,0,2.5,0,75.8,2,13,4.76,3.9,3.69,4.38,4.17,6.7
